"id","arquivo_txt","scope","uf","municipio","lei_numero","lei_nome","data","url_integra","fonte","tipo_lei","url_usada_extracao","caracteres_txt","sha256_txt","validacao","regiao","ano"
1,"01_estadual_ac_lei_no_4_132_2023.txt","estadual","AC","","Lei nº 4.132/2023","Lei Estadual de Inovação do Acre","2023-07-17 00:00:00","https://legis.ac.gov.br/detalhar/5662","Assembleia Legislativa do Acre (ALEAC)","marco_cti_inovacao","https://legis.ac.gov.br/detalhar/5662",158166,"c75d6d880ad53ff84f8eb57f2f73044c2c00ce873232419e909cd848294b6599","ok","Norte","2023"
2,"02_estadual_al_lei_no_8_956_2023.txt","estadual","AL","","Lei nº 8.956/2023","Lei Estadual de Inovação de Alagoas","2023-09-04 00:00:00","https://sapl.al.al.leg.br/media/sapl/public/normajuridica/2023/2636/lei_no_8.956_de_4_de_setembro_de_2023.pdf","Assembleia Legislativa de Alagoas (ALE)","marco_cti_inovacao","https://sapl.al.al.leg.br/media/sapl/public/normajuridica/2023/2636/lei_no_8.956_de_4_de_setembro_de_2023.pdf",49362,"b1843dd766bc298e20e5c758a9b6eeadfa05afbc2ed569899934de0f78482042","ok","Nordeste","2023"
3,"03_estadual_am_lei_ordinaria_no_3_095_2006.txt","estadual","AM","","Lei Ordinária nº 3.095/2006","Lei Estadual de Inovação do Amazonas","2006-11-17 00:00:00","https://sapl.al.am.leg.br/media/sapl/public/normajuridica/2006/7550/7550_texto_integral.pdf","Assembleia Legislativa do Amazonas (ALEAM)","marco_cti_inovacao","https://sapl.al.am.leg.br/media/sapl/public/normajuridica/2006/7550/7550_texto_integral.pdf",21250,"1ba9a17e380b201954b1d4c4cb2574a5373599cbf5d637345539d5596142b874","ok","Norte","2006"
4,"04_estadual_ap_lei_ordinaria_no_2_333_2018.txt","estadual","AP","","Lei Ordinária nº 2.333/2018","Lei Estadual de Inovação do Amapá","2018-04-25 00:00:00","https://www.al.ap.gov.br/ver_texto_lei.php?iddocumento=87613","Assembleia Legislativa do Amapá (ALAP)","marco_cti_inovacao","https://www.al.ap.gov.br/ver_texto_lei.php?iddocumento=87613",42899,"36df75221ec08b590240e10b4992586147c01c486912a6d8455752742aa0974a","ok","Norte","2018"
5,"05_estadual_ba_lei_no_14_315_2021.txt","estadual","BA","","Lei nº 14.315/2021","Lei Estadual de Inovação da Bahia","2021-06-17 00:00:00","https://www.ba.gov.br/secti/sites/site-secti/files/2025-06/di%C3%A1rio%20oficial.pdf","Secretaria de Ciência, Tecnologia e inovação da Bahia (SECTI/BA)","marco_cti_inovacao","https://www.ba.gov.br/secti/sites/site-secti/files/2025-06/di%C3%A1rio%20oficial.pdf",124483,"bf9f399c01f0d848080968fb044e478a4d1045a616bc56ccef6c937b8ef8af54","ok","Nordeste","2021"
6,"06_estadual_ce_lei_no_14_220_2008.txt","estadual","CE","","Lei nº 14.220/2008","Lei Estadual de Inovação do Ceará","2008-10-16 00:00:00","https://belt.al.ce.gov.br/index.php/legislacao-do-ceara/organizacao-tematica/ciencia-e-tecnologia-e-educacao-superior/item/10826-lei-complementar-n-335-de-07-10-2024-d-o-07-10-2024","Assembleia Legislativa do Ceará (ALECE)","marco_cti_inovacao","https://belt.al.ce.gov.br/index.php/legislacao-do-ceara/organizacao-tematica/ciencia-e-tecnologia-e-educacao-superior/item/10826-lei-complementar-n-335-de-07-10-2024-d-o-07-10-2024",85121,"3c86a5d001a45b287d61154ca0394fce56932e50ef1bd130954ffe2d3e3639d4","ok","Nordeste","2008"
7,"07_estadual_df_lei_no_6_620_2020.txt","estadual","DF","","Lei nº 6.620/2020","Lei Distrital de Ciência, Tecnologia e Inovação","2020-06-10 00:00:00","https://www.sinj.df.gov.br/sinj/Norma/2f476c9919c0485aa7e2373dac2977de/Lei_6620_10_06_2020.html","Sistema Integrado de Normas Jurídicas do DF (SINJ-DF)","marco_cti_inovacao","https://www.sinj.df.gov.br/sinj/Norma/2f476c9919c0485aa7e2373dac2977de/Lei_6620_10_06_2020.html",39024,"4fef8c5426e06741fe2165d941265d4a6e7912af561fbae9d6027be5db5725d8","ok","Centro-Oeste","2020"
8,"08_estadual_es_lei_complementar_no_642_2012.txt","estadual","ES","","Lei Complementar nº 642/2012","Lei Estadual de Inovação do Espírito Santo","2012-10-15 00:00:00","https://www3.al.es.gov.br/Arquivo/Documents/legislacao/html/LEC6422012.html?identificador=330030003400350036003A004C00","Assembleia Legislativa do Espírito Santo (ALES)","marco_cti_inovacao","https://www3.al.es.gov.br/Arquivo/Documents/legislacao/html/LEC6422012.html?identificador=330030003400350036003A004C00",278367,"bfcf9c261cafc2e21a17819b5f7468a3b8553b2e15764fdd9da3ff77cc80156f","ok","Sudeste","2012"
9,"09_estadual_go_lei_no_21_615_2022.txt","estadual","GO","","Lei nº 21.615/2022","Lei Estadual de Inovação de Goiás","2022-11-07 00:00:00","https://legisla.casacivil.go.gov.br/api/v2/pesquisa/legislacoes/106312/pdf","Casa Civil do Estado de Goiás","marco_cti_inovacao","https://legisla.casacivil.go.gov.br/api/v2/pesquisa/legislacoes/106312/pdf",76944,"996de0c0dd39984afcc23c1c15f82942e995d8545a9ed9b0f4c886233a871bea","ok","Centro-Oeste","2022"
10,"10_estadual_ma_lei_no_11_733_2022.txt","estadual","MA","","Lei nº 11.733/2022","Lei Estadual de Inovação do Maranhão","2022-05-26 00:00:00","https://dados.uema.br/wp-content/uploads/2023/11/LEI_11733_Marco_Ciencia_Tecnologia.pdf","Universidade Estadual do Maranhão (UEMA)","marco_cti_inovacao","https://dados.uema.br/wp-content/uploads/2023/11/LEI_11733_Marco_Ciencia_Tecnologia.pdf",53334,"6b9b6a568e19f10eba2a591d29fc13e171cf1f33f638223ccf33f89afea1c55f","ok","Nordeste","2022"
11,"11_estadual_mg_lei_no_17_348_2008.txt","estadual","MG","","Lei nº 17.348/2008","Lei Estadual de Inovação de Minas Gerais","2008-01-17 00:00:00","https://www.almg.gov.br/legislacao-mineira/texto/LEI/17348/2008/?cons=1","Assembleia Legislativa de Minas Gerais (ALMG)","marco_cti_inovacao","https://www.almg.gov.br/legislacao-mineira/texto/LEI/17348/2008/?cons=1",25553,"df892f0b077151fa67c3f090a81715898d247d2f84713760cc444ec51d1634f9","ok","Sudeste","2008"
12,"12_estadual_ms_lei_no_6_380_2024.txt","estadual","MS","","Lei nº 6.380/2024","Lei Estadual de Inovação do Mato Grosso do Sul","2024-12-30 00:00:00","https://aacpdappls.net.ms.gov.br/appls/legislacao/secoge/govato.nsf/2cab8d75940ca72e04256d1a004acf14/a209f58612d35d9d04258c0600446f11?OpenDocument","Governo do Estado do Mato Grosso do Sul","marco_cti_inovacao","https://www.legisweb.com.br/legislacao/?id=471582",69488,"aa81e13234db7434c6708f49efe9a532533a25d61570f5fbcf6a396aecf0b6a1","ok","Centro-Oeste","2024"
13,"13_estadual_mt_lei_complementar_no_650_2019.txt","estadual","MT","","Lei Complementar nº 650/2019","Lei Estadual de Inovação do Mato Grosso","2019-12-20 00:00:00","https://app1.sefaz.mt.gov.br/sistema/legislacao/leicomplestadual.nsf/9733a1d3f5bb1ab384256710004d4754/aae880048b3cae7c042584d900440588?OpenDocument","Secretaria da Fazenda do Mato Grosso (SEFAZ-MT)","marco_cti_inovacao","https://bancodeleis.unale.org.br/Arquivo/Documents/legislacao/image/MT/LC/LC6502019.pdf",53537,"feb127dface2aabdf479ee4013b6a5a59b5d2ed8bb794facaaa24941bf1fcf2f","ok","Centro-Oeste","2019"
14,"14_estadual_pa_lei_no_8_426_2016.txt","estadual","PA","","Lei nº 8.426/2016","Lei Estadual de Inovação do Pará","2016-11-16 00:00:00","http://bancodeleis.alepa.pa.gov.br:8080/lei8426_2016_57924.pdf","Assembleia Legislativa do Pará (ALEPA)","marco_cti_inovacao","https://www.cge.pa.gov.br/sites/default/files/2023-02/lei_estadual_n_8426_de_16_11_2016.pdf",40127,"279ec6a16ccae02ea9331cadbade7f2d351b867f559f760b1c432565f9f53e7d","ok","Norte","2016"
15,"15_estadual_pb_lei_no_12_191_2022.txt","estadual","PB","","Lei nº 12.191/2022","Lei Estadual de Inovação da Paraíba","2022-01-12 00:00:00","https://sapl3.al.pb.leg.br/media/sapl/public/normajuridica/2022/14855/14855_texto_integral.pdf","Assembleia Legislativa da Paraíba (ALPB)","marco_cti_inovacao","https://sapl3.al.pb.leg.br/media/sapl/public/normajuridica/2022/14855/14855_texto_integral.pdf",67582,"f3dfa9ef8bb2319a77bc474ff82fb8ff09e18bd0dd24800e53320fab9ecc8e5d","ok","Nordeste","2022"
16,"16_estadual_pe_lei_complementar_no_400_2018.txt","estadual","PE","","Lei Complementar nº 400/2018","Lei Estadual de Inovação de Pernambuco","2018-12-18 00:00:00","https://legis.alepe.pe.gov.br/texto.aspx?tiponorma=2&numero=400&complemento=0&ano=2018&tipo=&url=","Assembleia Legislativa de Pernambuco (ALEPE)","marco_cti_inovacao","https://www.legisweb.com.br/legislacao/?id=372521",52620,"a83d62a3c2638df3e1eef1a3998a1bf34802181e3c4e7b28eb5e77e6f5d2ae7b","ok","Nordeste","2018"
17,"17_estadual_pi_lei_no_7_511_2021.txt","estadual","PI","","Lei nº 7.511/2021","Lei Estadual de Inovação do Piauí","2021-06-04 00:00:00","https://sapl.al.pi.leg.br/media/sapl/public/normajuridica/2021/4915/lei_no_7.511_medidas_de_incentivo__inovao_e__pesquisa_cientfica.pdf","Assembleia Legislativa do Piauí (ALEPI)","marco_cti_inovacao","https://sapl.al.pi.leg.br/media/sapl/public/normajuridica/2021/4915/lei_no_7.511_medidas_de_incentivo__inovao_e__pesquisa_cientfica.pdf",40751,"083e93942417839ad1f24a6c5aec6546025bca7f54b646f66d79520dc21c1dda","ok","Nordeste","2021"
18,"18_estadual_pr_lei_no_20_541_2021.txt","estadual","PR","","Lei nº 20.541/2021","Lei Estadual de Inovação do Paraná","2021-04-20 00:00:00","https://www.legislacao.pr.gov.br/legislacao/pesquisarAto.do?action=exibir&codAto=246931&indice=1&totalRegistros=1&dt=31.4.2021.16.52.7.683","Casa Civil do Estado do Paraná","marco_cti_inovacao","https://www.legisweb.com.br/legislacao/?id=413179",66249,"6f10c960f6cc164d04b85853a1e64a281b565a7f022f900b949e212b13093d1b","ok","Sul","2021"
19,"19_estadual_rj_lei_no_5_361_2008.txt","estadual","RJ","","Lei nº 5.361/2008","Lei Estadual de Inovação do Rio de Janeiro","2008-12-29 00:00:00","https://www3.alerj.rj.gov.br/lotus_notes/default.asp?id=144&url=L3NjcHJvMTkyMy5uc2YvMThjMWRkNjhmOTZiZTNlNzgzMjU2NmVjMDAxOGQ4MzMvNGRiODA2YzczYTY1ZWY2MDAzMjU4NGNkMDA3N2VjNjE/T3BlbkRvY3VtZW50","Assembleia Legislativa do Rio de Janeiro (ALERJ)","marco_cti_inovacao","https://www3.alerj.rj.gov.br/lotus_notes/default.asp?id=144&url=L3NjcHJvMTkyMy5uc2YvMThjMWRkNjhmOTZiZTNlNzgzMjU2NmVjMDAxOGQ4MzMvNGRiODA2YzczYTY1ZWY2MDAzMjU4NGNkMDA3N2VjNjE/T3BlbkRvY3VtZW50",51414,"140ca1244f07cbd5836aacc67f176070b6e87949d3f8945a7cce306ac6e19efb","ok","Sudeste","2008"
20,"20_estadual_rn_lei_complementar_no_716_2022.txt","estadual","RN","","Lei Complementar nº 716/2022","Lei Estadual de Inovação do Rio Grande do Norte","2022-06-30 00:00:00","https://www.al.rn.leg.br/storage/legislacao/2022/fuwb1apu99ivp3tbqznl1c2shihdjk.pdf","Assembleia Legislativa do Rio Grande do Norte (ALRN)","marco_cti_inovacao","https://www.al.rn.leg.br/storage/legislacao/2022/fuwb1apu99ivp3tbqznl1c2shihdjk.pdf",115645,"6e227327d04c18ec6b953063053b5c842238531ef65850b40791597b1fcfb661","ok","Nordeste","2022"
21,"21_estadual_ro_lei_no_4_950_2021.txt","estadual","RO","","Lei nº 4.950/2021","Lei Estadual de Inovação de Rondônia","2021-01-11 00:00:00","https://sapl.al.ro.leg.br/media/sapl/public/normajuridica/2021/9628/l4950.pdf","Assembleia Legislativa de Rondônia (ALERO)","marco_cti_inovacao","https://sapl.al.ro.leg.br/media/sapl/public/normajuridica/2021/9628/l4950.pdf",3649,"6dd1ebf1b4f67cd7a08c76ffbfc96b4a0d136bf63e98eddd9577d255b089c2f3","ok","Norte","2021"
22,"22_estadual_rs_lei_complementar_no_15_639_2021.txt","estadual","RS","","Lei Complementar nº 15.639/2021","Lei Estadual de Inovação do Rio Grande do Sul","2021-05-31 00:00:00","https://sict.rs.gov.br/upload/arquivos/202106/01142105-lei-n-15-639-de-31-de-maio-de-2021.pdf","Secretaria de inovação, Ciência e Tecnologia do Rio Grande do Sul (SICT-RS)","marco_cti_inovacao","https://sict.rs.gov.br/upload/arquivos/202106/01142105-lei-n-15-639-de-31-de-maio-de-2021.pdf",62032,"6b880babd8f7798fb2e98871bf830bc0c83f2add0c45e35df5441d6e9c3f749c","ok","Sul","2021"
23,"23_estadual_sc_lei_no_14_328_2008.txt","estadual","SC","","Lei nº 14.328/2008","Lei Estadual de Inovação de Santa Catarina","2008-01-15 00:00:00","https://sbpcsc.paginas.ufsc.br/files/2018/02/lei_inovacao.pdf","Universidade Federal de Santa Catarina (UFSC)","marco_cti_inovacao","https://sbpcsc.paginas.ufsc.br/files/2018/02/lei_inovacao.pdf",25481,"b1d64feb3240d97203ff0f650a369e06bd58225eaafd008e6b3f5443d8836692","ok","Sul","2008"
24,"24_estadual_se_lei_no_6_794_2009.txt","estadual","SE","","Lei nº 6.794/2009","Lei Estadual de Inovação de Sergipe","2009-12-02 00:00:00","https://al.se.leg.br/Legislacao/Ordinaria/2009/O67942009.pdf","Assembleia Legislativa de Sergipe (ALESE)","marco_cti_inovacao","https://al.se.leg.br/Legislacao/Ordinaria/2009/O67942009.pdf",44193,"b74ad7444c8fb8323d06a7234fd1ebba7e40a0daa60f0746bbd2c1c0ff555699","ok","Nordeste","2009"
25,"25_estadual_sp_lei_complementar_no_1_049_2008.txt","estadual","SP","","Lei Complementar nº 1.049/2008","Lei Estadual de Inovação de São Paulo","2008-06-19 00:00:00","https://www.al.sp.gov.br/repositorio/legislacao/lei.complementar/2008/lei.complementar-1049-19.06.2008.html","Assembleia Legislativa de São Paulo (ALESP)","marco_cti_inovacao","https://www.al.sp.gov.br/repositorio/legislacao/lei.complementar/2008/lei.complementar-1049-19.06.2008.html",21427,"297495fa9e7092e181a7b5a191f9c16bdb22f2e7f880fedb2f9d46453fb9b303","ok","Sudeste","2008"
26,"26_estadual_to_lei_no_2_458_2011.txt","estadual","TO","","Lei nº 2.458/2011","Lei Estadual de Inovação do Tocantins","2011-07-05 00:00:00","https://www.al.to.leg.br/arquivo/27747","Assembleia Legislativa do Tocantins (ALETO)","marco_cti_inovacao","https://www.al.to.leg.br/arquivos/27747.pdf",29651,"cb6fb1601bee5161149732dae9be9effc3f0aa338c920f9697c2ea99065c5fb0","ok","Norte","2011"
27,"27_federal_br_lei_no_11_196_2005.txt","federal","","","Lei nº 11.196/2005","Lei do Bem","2005-11-21 00:00:00","https://www.planalto.gov.br/ccivil_03/_ato2004-2006/2005/lei/l11196.htm","Presidência da República","marco_cti_inovacao","https://www.planalto.gov.br/ccivil_03/_ato2004-2006/2005/lei/l11196.htm",274363,"a3fedac0a2069912d46935b62a5a70cbd79c0d17624b4599a1785924f89bc3e8","ok","Brasil","2005"
28,"28_federal_br_lei_no_13_243_2016.txt","federal","","","Lei nº 13.243/2016","Marco Legal de Ciência, Tecnologia e Inovação","2016-01-11 00:00:00","https://www.planalto.gov.br/ccivil_03/_ato2015-2018/2016/lei/l13243.htm","Presidência da República","marco_cti_inovacao","https://www.planalto.gov.br/ccivil_03/_ato2015-2018/2016/lei/l13243.htm",45518,"06dc7b4fcefc5ec1f50a7babf2ab3967de682996dfb5707d6abe6d8c42204917","ok","Brasil","2016"
29,"29_federal_br_lei_complementar_no_182_2021.txt","federal","","","Lei Complementar nº 182/2021","Marco Legal de Empreendedorismo Inovador e Startups","2021-06-01 00:00:00","https://www.planalto.gov.br/ccivil_03/leis/lcp/lcp182.htm","Presidência da República","marco_cti_inovacao","https://www.planalto.gov.br/ccivil_03/leis/lcp/lcp182.htm",30133,"459af3eaa2ce6f36ba01c7315716ba576dbbcea239c600770df6ed0f6eb7a690","ok","Brasil","2021"
30,"30_municipal_maceio_lei_no_6_902_2019.txt","municipal","AL","Maceió","Lei nº 6.902/2019","Lei Municipal de Inovação de Maceió","2019-06-26 00:00:00","https://www.maceio.al.leg.br/documentos/docs/doc.php?filepath=leis&id=6590","Câmara Municipal de Maceió","marco_cti_inovacao","https://www.maceio.al.leg.br/documentos/docs/doc.php?filepath=leis&id=6590",49617,"61fb0b201f15794c74e9a0c9cbd18ffbcb921cd845678348f4d815c31a4c28a6","ok","Nordeste","2019"
31,"31_municipal_manaus_lei_no_3_014_2023.txt","municipal","AM","Manaus","Lei nº 3.014/2023","Lei municipal de Fomento às Startups de Manaus","2023-01-11 00:00:00","https://sapl.cmm.am.gov.br/media/sapl/public/normajuridica/2023/6889/lei_n_3014_de_11_jan_2023.pdf","Câmara Municipal de Manaus","fomento_startups","https://sapl.cmm.am.gov.br/media/sapl/public/normajuridica/2023/6889/lei_n_3014_de_11_jan_2023.pdf",14180,"86ce0479893acc42195a2111861bdf279c79061a243a3c2da94c378d133b5ffa","ok","Norte","2023"
32,"32_municipal_macapa_lei_complementar_no_156_2022.txt","municipal","AP","Macapá","Lei complementar nº 156/2022","Lei do Programa Inova Macapá","2022-12-27 00:00:00","https://drive.google.com/file/d/1TyiUN49BDxByWiQaqsYp7c1hzuJ6uAwF/view?usp=sharing","Portal CR2 - Prefeitura de Macapá","programa_inovacao","https://www.legisweb.com.br/legislacao/?id=440743",7249,"898075eb13bec34ff8d822aa81444526cca939bb568531e3a9b7089f09bb0eb9","ok","Norte","2022"
33,"33_municipal_salvador_lei_no_9_534_2020.txt","municipal","BA","Salvador","Lei nº 9.534/2020","Lei Municipal de Inovação de Salvador","2020-08-12 00:00:00","https://www2.sefaz.salvador.ba.gov.br/storage/1945/53iGdw4oFNrlr3JrjDNacZdpgsyUKx-metaOS41MzQgLSBET00gZGUgMTMuMDguMjAyMC5wZGY=-.pdf","Prefeitura de Salvador","marco_cti_inovacao","https://www2.sefaz.salvador.ba.gov.br/storage/1945/53iGdw4oFNrlr3JrjDNacZdpgsyUKx-metaOS41MzQgLSBET00gZGUgMTMuMDguMjAyMC5wZGY=-.pdf",61346,"3cafff1e650b902d731a76b93ac3cc4e6ada7f13915447712754fbf91ee9d658","ok","Nordeste","2020"
34,"34_municipal_fortaleza_lei_no_11_382_2023.txt","municipal","CE","Fortaleza","Lei nº 11.382/2023","Lei Municipal de Inovação de Fortaleza","2023-08-30 00:00:00","https://www.sefin.fortaleza.ce.gov.br/anexoCT/26/fosj1ldf1.1jw936/pdf/LEI%20N%C2%BA%2011","Secretaria de Finanças de Fortaleza (SEFIN)","marco_cti_inovacao","https://www.sefin.fortaleza.ce.gov.br/anexoCT/26/fosj1ldf1.1jw936/pdf/LEI%20N%C2%BA%2011",22569,"c8ddb6117e0468bbc32bafa4536e6b4f1a6cb55662b35df7cd891d275c27fb06","ok","Nordeste","2023"
35,"35_municipal_vitoria_lei_no_7_871_2009.txt","municipal","ES","Vitória","Lei nº 7.871/2009","Lei Municipal de Inovação de Vitória","2009-12-21 00:00:00","https://camarasempapel.cmv.es.gov.br/Arquivo/Documents/legislacao/html/L78712009.html?identificador=37003800360037003A004C00","Câmara Municipal de Vitória","marco_cti_inovacao","https://camarasempapel.cmv.es.gov.br/Arquivo/Documents/legislacao/html/L78712009.html?identificador=37003800360037003A004C00",33509,"f6ab669409e6f28bb7b72af7fdb18bf006349cd69964505ed1e75188f9a8b32c","ok","Sudeste","2009"
36,"36_municipal_goiania_decreto_no_3_955_2022.txt","municipal","GO","Goiânia","Decreto nº 3.955/2022","Lei municipal de Sandbox Regulatório de Goiania","2022-08-26 00:00:00","https://www.goiania.go.gov.br/html/gabinete_civil/sileg/dados/legis/2022/dc_20220926_000003955.html","Prefeitura de Goiânia","sandbox_regulatorio","https://www.goiania.go.gov.br/html/gabinete_civil/sileg/dados/legis/2022/dc_20220926_000003955.html",27906,"05567e6beef3710639fbfdc6edbcfc188d1381ed649f3545b4d8877fb098cd3b","ok","Centro-Oeste","2022"
37,"37_municipal_belo_horizonte_lei_no_11_838_2025.txt","municipal","MG","Belo Horizonte","Lei nº 11.838/2025","Lei Municipal de Inovação de Belo Horizonte","2025-03-31 00:00:00","https://cmbhsildownload.cmbh.mg.gov.br/silinternet/servico/download/documentoDaNorma?idDocDaNorma=2c907f7695f1daae0195f1ddb4fc0003","Câmara Municipal de Belo Horizonte","marco_cti_inovacao","https://cmbhsildownload.cmbh.mg.gov.br/silinternet/servico/download/documentoDaNorma?idDocDaNorma=2c907f7695f1daae0195f1ddb4fc0003",59372,"425e85c231ba1d01babf3d6f39df14040802bbfc6a025c6055ad3fa9338ccada","ok","Sudeste","2025"
38,"38_municipal_campo_grande_lei_no_6_786_2022.txt","municipal","MS","Campo Grande","Lei nº 6.786/2022","Lei Municipal de Inovação de Campo Grande","2022-03-09 00:00:00","https://oabms.org.br/wp-content/uploads/2022/03/Pol%C3%ADtica-Municipal-de-Inova%C3%A7%C3%A3o.pdf","Ordem dos Advogados do Brasil - Mato Grosso do Sul (OAB-MS)","marco_cti_inovacao","https://oabms.org.br/wp-content/uploads/2022/03/Pol%C3%ADtica-Municipal-de-Inova%C3%A7%C3%A3o.pdf",41915,"4bcc2de5734e4879bb0bb68ebd69bd7d934a2dfd2299c155a5c54744667441a3","ok","Centro-Oeste","2022"
39,"39_municipal_cuiaba_lei_no_6_920_2023.txt","municipal","MT","Cuiabá","Lei nº 6.920/2023","Lei municipal de Fomento às Startups de Cuiabá","2023-04-05 00:00:00","https://legislativo.camaracuiaba.mt.gov.br/Arquivo/Documents/legislacao/html/L69202023.html","Câmara Municipal de Cuiabá","fomento_startups","https://legislativo.camaracuiaba.mt.gov.br/Arquivo/Documents/legislacao/html/L69202023.html",2306,"58c032235e9c10025e8822661a87a1be1c667d93bce7e54afba0ffbe7fd28052","ok","Centro-Oeste","2023"
40,"40_municipal_recife_lei_no_18_974_2022.txt","municipal","PE","Recife","Lei nº 18.974/2022","Lei Municipal de Inovação do Recife","2022-08-31 00:00:00","https://e-processo.recife.pe.leg.br/sapl_documentos/norma_juridica/1345_texto_integral.pdf","Câmara Municipal de Recife","marco_cti_inovacao","https://e-processo.recife.pe.leg.br/sapl_documentos/norma_juridica/1345_texto_integral.pdf",63896,"91b0b0274b808de66edf35ac82b5b792e216e3d53b431bf58355465a6ec1ae47","ok","Nordeste","2022"
41,"41_municipal_teresina_decreto_no_23_821_2023.txt","municipal","PI","Teresina","Decreto nº 23.821/2023","Lei municipal de Sandbox Regulatório de Teresina","2023-03-20 00:00:00","https://onedrive.live.com/?redeem=aHR0cHM6Ly8xZHJ2Lm1zL2IvcyFBbjhlakNxZ2hFck9vRkxBMW1peHd0VU5VT2Q5P2U9U3V2Uk1v&cid=CE4A84A02A8C1E7F&id=CE4A84A02A8C1E7F%214178&parId=CE4A84A02A8C1E7F%21258&o=OneUp","Centro de Eficiência em Sustentabilidade Urbana (CESU/Teresina)","sandbox_regulatorio","https://www.normasbrasil.com.br/norma/decreto-23821-2023-teresina_443448.html",14020,"25bd2c6c6e7209cc88900135c8d968ef5318cf6f41a7868a7ccd73dfe1f71562","ok","Nordeste","2023"
42,"42_municipal_curitiba_lei_no_15_324_2018.txt","municipal","PR","Curitiba","Lei nº 15.324/2018","Lei Municipal de Inovação de Curitiba","2018-11-09 00:00:00","https://leismunicipais.com.br/a2/pr/c/curitiba/lei-ordinaria/2018/1533/15324/lei-ordinaria-n-15324-2018-dispoe-sobre-incentivos-a-inovacao-e-a-pesquisa-cientifica-e-tecnologica-no-ambiente-produtivo-criacao-do-conselho-municipal-de-inovacao-e-da-outras-providencias-no-mbito-do-municipio-de-curitiba-conforme-o-disposto-na-lei-federal-n-10973-de-2-de-dezembro-de-2004-e-suas-alteracoes?q=15.324","Câmara Municipal de Curitiba","marco_cti_inovacao","https://www.legisweb.com.br/legislacao/?id=369228",30188,"140dceeaed0d5814688d407298e24163a4563b4d082d4c2eadfee8c50ffff36e","ok","Sul","2018"
43,"43_municipal_curitiba_lei_no_16_344_2024.txt","municipal","PR","Curitiba","Lei nº 16.344/2024","Lei municipal de Sandbox Regulatório de Curitiba","2024-06-18 00:00:00","https://leismunicipais.com.br/a/pr/c/curitiba/lei-ordinaria/2024/1635/16344/lei-ordinaria-n-16344-2024-dispoe-sobre-as-regras-para-a-constituicao-e-normas-gerais-de-funcionamento-de-ambiente-regulatorio-experimental-no-municipio-de-curitiba?q=16.344","Câmara Municipal de Curitiba","sandbox_regulatorio","https://legisladocexterno.curitiba.pr.gov.br/VisualizarHTML.aspx?id=415608",7209,"352184b689feeb048dad2f50e31b866299601605c40ba1ce967b3e5c88d6c02f","ok","Sul","2024"
44,"44_municipal_rio_de_janeiro_lei_no_6_788_2020.txt","municipal","RJ","Rio de Janeiro","Lei nº 6.788/2020","Lei Municipal de Inovação do Rio de Janeiro","2020-10-28 00:00:00","https://aplicnt.camara.rj.gov.br/APL/Legislativos/contlei.nsf/50ad008247b8f030032579ea0073d588/2d41de8972a196e3032586100066ffa2?OpenDocument","Câmara Municipal do Rio de Janeiro","marco_cti_inovacao","https://e.camara.rj.gov.br/Arquivo/Documents/legislacao/html/L67882020.html",273745,"f47f616560663316d21d9853fd5d2b8af698a9afd24b5f1a69ac941caa842850","ok","Sudeste","2020"
45,"45_municipal_rio_de_janeiro_decreto_no_50_697_2022.txt","municipal","RJ","Rio de Janeiro","Decreto nº 50.697/2022","Lei municipal de Sandbox Regulatório do Rio de Janeiro","2022-04-26 00:00:00","https://www.sandboxrio.com.br/anexos/Decreto_sandbox_rio_50697-22.pdf","Prefeitura do Rio de Janeiro","sandbox_regulatorio","https://www.sandboxrio.com.br/anexos/Decreto_sandbox_rio_50697-22.pdf",14048,"19771e78d4222c3f95f4e67db36a7d8d4545eaa415778b00aff8e5da0de024b9","ok","Sudeste","2022"
46,"46_municipal_porto_alegre_lei_complementar_no_906_2021.txt","municipal","RS","Porto Alegre","Lei complementar nº 906/2021","Lei municipal de Incentivos à empresas de tecnologia de Porto Alegre","2021-06-15 00:00:00","https://dopaonlineupload.procempa.com.br/dopaonlineupload/3981_ce_326179_1.pdf","Empresa Pública de Tecnologia da Informação e Comunicação da Prefeitura de Porto Alegre (PROCEMPA)","programa_inovacao","https://dopaonlineupload.procempa.com.br/dopaonlineupload/3981_ce_326179_1.pdf",3957,"22cd5d5999a49282c9a6c686ae6cd16978351ce4c0503e87a904298a7c4f43a5","ok","Sul","2021"
47,"47_municipal_porto_alegre_decreto_no_21_543_2022.txt","municipal","RS","Porto Alegre","Decreto nº 21.543/2022","Lei municipal de Sandbox Regulatório de Porto Alegre","2022-06-27 00:00:00","https://prefeitura.poa.br/sites/default/files/usu_doc/cartadeservicos/4425_ce_367295_1%5B1%5D.pdf","Prefeitura de Porto Alegre","sandbox_regulatorio","https://prefeitura.poa.br/sites/default/files/usu_doc/cartadeservicos/4425_ce_367295_1%5B1%5D.pdf",10273,"81dc49b02b6d903b05b8b0cd9b061fd6e4e22732b5fceb7b85469330e547423b","ok","Sul","2022"
48,"48_municipal_florianopolis_lei_complementar_no_432_2012.txt","municipal","SC","Florianópolis","Lei Complementar nº 432/2012","Lei Municipal de Inovação de Florianópolis","2012-05-07 00:00:00","https://www.cmf.sc.gov.br/proposicoes/leis-complementares/0/13/0/67534","Câmara Municipal de Florianópolis","marco_cti_inovacao","https://www.legisweb.com.br/legislacao/?id=241076",54855,"2bea75df769dd6f837fdc8ffe491ec5c861c605a976fe20c75069252231ebd07","ok","Sul","2012"
49,"49_municipal_aracaju_lei_no_5_540_2022.txt","municipal","SE","Aracajú","Lei nº 5.540/2022","Lei Municipal de Inovação de Aracajú","2022-12-22 00:00:00","https://drive.google.com/file/d/1AXaYvXFwGw78lnVCR8RxSnFcK2TNNyh3/view?usp=sharing","Prefeitura Municipal de Aracajú","marco_cti_inovacao","https://www.legisweb.com.br/legislacao/?id=440314",60771,"0aec725040068c3fe8637b6a3a6b88d5b82ed19aa03d6e4eb1a568d01aadee21","ok","Nordeste","2022"
50,"50_municipal_sao_paulo_lei_no_17_879_2022.txt","municipal","SP","São Paulo","Lei nº 17.879/2022","Lei municipal de Sandbox Regulatório de São Paulo","2022-12-30 00:00:00","https://legislacao.prefeitura.sp.gov.br/leis/lei-17879-de-30-de-dezembro-de-2022","Casa Civil da Prefeitura de São Paulo","sandbox_regulatorio","https://legislacao.prefeitura.sp.gov.br/lei-17879-de-30-de-dezembro-de-2022",9674,"6853148e030400ed5766d0613aced6828f7422ed2ceb7c3a6154ba7ea767b5f4","ok","Sudeste","2022"
51,"51_municipal_sao_paulo_decreto_no_64_062_2025.txt","municipal","SP","São Paulo","Decreto nº 64.062/2025","Lei Municipal de Inovação de São Paulo","2025-02-12 00:00:00","https://legislacao.prefeitura.sp.gov.br/leis/decreto-64062-de-12-de-fevereiro-de-2025","Casa Civil da Prefeitura de São Paulo","marco_cti_inovacao","https://legislacao.prefeitura.sp.gov.br/decreto-64062-de-12-de-fevereiro-de-2025",56139,"6fe21bf876f2af6ee661fa79fcc1d35a6a43f35cd9bfdb0795eaec0e90ba1114","ok","Sudeste","2025"
52,"52_municipal_palmas_lei_no_2_675_2022.txt","municipal","TO","Palmas","Lei nº 2.675/2022","Lei sobre o Conselho e Fundo Municipal de Inovação de Palmas","2022-04-05 00:00:00","https://legislativo.palmas.to.gov.br/media/leis/lei-ordinaria-2.675-2022-04-05-6-4-2022-18-15-21.pdf","Prefeitura de Palmas","governanca_cti","https://legislativo.palmas.to.gov.br/media/leis/lei-ordinaria-2.675-2022-04-05-6-4-2022-18-15-21.pdf",17459,"21919f7fcfd45b0b84c485835fb487e815a3ee0bd3744a962cae81aa9ce36929","ok","Norte","2022"
