"recorte","unidade","termo","frequencia","grau","forca","intermediacao","comunidade"
"agg_nacional","article","inovacao",1426,13,7.048,32,2
"agg_nacional","article","tecnologia",1389,13,7.121,60,2
"agg_nacional","article","desenvolvimento",1236,13,6.916,25,2
"agg_nacional","article","projeto",766,10,4.943,20,2
"agg_nacional","article","atividades",731,11,5.369,11,2
"agg_nacional","article","empresas",679,11,5.341,13,2
"agg_nacional","article","recursos",650,7,3.361,7,2
"agg_nacional","article","tecnologica",648,9,4.767,0,2
"agg_nacional","article","financiamento",609,5,2.365,0,2
"agg_nacional","article","servicos",536,4,1.875,20,2
"agg_nacional","article","ciencia",510,6,3.17,1,2
"agg_nacional","article","entidades",496,4,1.78,0,2
"agg_nacional","article","instituicao",482,6,2.667,0,2
"agg_nacional","article","apoio",450,6,2.829,4,2
"agg_nacional","article","transferencia",439,4,1.827,39,1
"agg_nacional","article","fomento",416,4,1.796,0,2
"agg_nacional","article","tecnologico",402,6,2.956,0,2
"agg_nacional","article","icts",394,4,1.768,0,2
"agg_nacional","article","direito",384,1,0.447,0,1
"agg_nacional","article","execucao",346,1,0.437,0,2
"agg_nacional","article","intelectual",327,1,0.443,0,1
"agg_nacional","article","produtos",323,1,0.521,0,2
"agg_federal","article","medida",105,6,3.28,6,3
"agg_federal","article","provisoria",102,6,3.277,18,3
"agg_federal","article","pessoa",99,11,4.533,13,2
"agg_federal","article","juridica",96,10,4.187,14,2
"agg_federal","article","regulamento",88,5,1.658,9,1
"agg_federal","article","incluido",81,5,2.417,6,3
"agg_federal","article","tecnologia",79,7,3.128,42,1
"agg_federal","article","vide",75,6,2.014,25,3
"agg_federal","article","contribuicao",73,7,3.1,14,2
"agg_federal","article","receita",72,11,4.195,62,2
"agg_federal","article","desenvolvimento",68,4,1.994,0,1
"agg_federal","article","cento",67,11,4.024,39,2
"agg_federal","article","aplica",64,5,1.637,25,2
"agg_federal","article","cofins",62,7,3.075,18,2
"agg_federal","article","inovacao",62,3,1.691,0,1
"agg_federal","article","revogado",62,4,1.88,0,3
"agg_federal","article","produtos",58,1,0.331,0,2
"agg_federal","article","valor",56,3,0.934,0,2
"agg_federal","article","contribuies",55,3,1.072,0,2
"agg_federal","article","servicos",53,8,3.12,42,2
"agg_federal","article","vigorar",53,1,0.368,0,3
"agg_federal","article","partir",52,1,0.303,0,2
"agg_federal","article","bens",48,5,1.978,0,2
"agg_federal","article","venda",48,9,3.873,43,2
"agg_federal","article","podero",46,1,0.294,0,1
"agg_estadual","article","tecnologia",984,11,6.624,47,1
"agg_estadual","article","inovacao",960,12,6.997,40,1
"agg_estadual","article","desenvolvimento",826,12,6.837,24,1
"agg_estadual","article","atividades",545,11,5.722,25,1
"agg_estadual","article","tecnologica",524,9,5.07,0,1
"agg_estadual","article","projeto",498,12,6.188,28,1
"agg_estadual","article","empresas",485,11,5.653,14,1
"agg_estadual","article","recursos",471,9,4.397,3,1
"agg_estadual","article","financiamento",419,5,2.467,0,1
"agg_estadual","article","ciencia",389,6,3.343,1,1
"agg_estadual","article","apoio",370,8,4.185,27,1
"agg_estadual","article","instituicao",367,7,3.319,0,1
"agg_estadual","article","icts",346,4,1.939,0,1
"agg_estadual","article","servicos",337,1,0.482,0,1
"agg_estadual","article","transferencia",321,2,1.027,20,1
"agg_estadual","article","tecnologico",316,7,3.626,0,1
"agg_estadual","article","fomento",313,3,1.471,1,1
"agg_estadual","article","entidades",311,3,1.398,0,1
"agg_estadual","article","direito",288,1,0.486,0,1
"agg_estadual","article","estimulo",271,1,0.51,0,1
"agg_estadual","article","intelectual",262,1,0.892,0,2
"agg_estadual","article","execucao",258,2,0.912,0,1
"agg_estadual","article","fundacao",249,1,0.633,0,1
"agg_estadual","article","propriedade",229,1,0.892,0,2
"agg_municipal","article","inovacao",404,15,7.126,61,1
"agg_municipal","article","desenvolvimento",342,14,6.721,40,1
"agg_municipal","article","tecnologia",326,13,6.45,19,1
"agg_municipal","article","projeto",232,7,3.275,19,1
"agg_municipal","article","financiamento",157,7,3.122,3,1
"agg_municipal","article","entidades",156,6,2.448,0,1
"agg_municipal","article","empresas",154,10,4.396,0,1
"agg_municipal","article","atividades",148,8,3.448,0,1
"agg_municipal","article","servicos",146,9,4.001,19,1
"agg_municipal","article","meio",145,3,1.212,0,1
"agg_municipal","article","recursos",144,6,2.85,17,1
"agg_municipal","article","tecnologica",124,10,4.663,0,1
"agg_municipal","article","instituicao",115,5,2.078,0,1
"agg_municipal","article","programa",114,1,0.457,0,2
"agg_municipal","article","ciencia",99,8,3.788,2,1
"agg_municipal","article","empreendedorismo",98,6,2.645,0,1
"agg_municipal","article","transferencia",89,2,0.904,0,1
"agg_municipal","article","execucao",88,1,0.414,0,1
"agg_municipal","article","tecnologico",86,5,2.195,0,1
"agg_municipal","article","conselho",83,1,0.426,0,1
"agg_municipal","article","produtos",83,1,0.585,0,1
"agg_municipal","article","sandbox",83,1,0.457,0,2
"agg_municipal","article","fomento",82,1,0.4,0,1
"reg_norte","article","tecnologia",211,12,7.377,74,2
"reg_norte","article","inovacao",190,10,6.119,12,2
"reg_norte","article","desenvolvimento",173,11,6.654,43,2
"reg_norte","article","tecnologica",118,6,3.805,0,2
"reg_norte","article","atividades",103,14,7.329,36,2
"reg_norte","article","empresas",101,10,5.266,27,2
"reg_norte","article","ciencia",99,9,5.131,3,2
"reg_norte","article","projeto",99,12,6.227,47,2
"reg_norte","article","instituicao",89,6,3.177,0,2
"reg_norte","article","financiamento",87,2,1.091,0,2
"reg_norte","article","recursos",81,3,1.559,3,2
"reg_norte","article","direito",79,5,2.66,15,2
"reg_norte","article","servicos",64,3,1.485,0,2
"reg_norte","article","tecnologico",63,4,2.196,0,2
"reg_norte","article","transferencia",63,3,1.485,44,1
"reg_norte","article","fomento",60,4,2.035,1,2
"reg_norte","article","apoio",59,8,4.137,32,2
"reg_norte","article","estimulo",54,2,0.967,0,2
"reg_norte","article","intelectual",53,2,1.387,23,1
"reg_norte","article","icts",52,2,1.043,0,2
"reg_norte","article","processos",52,5,2.485,0,2
"reg_norte","article","meio",51,2,0.945,0,2
"reg_norte","article","processo",49,1,0.508,0,2
"reg_norte","article","propriedade",49,1,0.903,0,1
"reg_norte","article","privado",48,3,1.663,8,2
"reg_nordeste","article","inovacao",390,12,7.255,30,1
"reg_nordeste","article","tecnologia",389,12,7.314,27,1
"reg_nordeste","article","desenvolvimento",339,12,7.013,50,1
"reg_nordeste","article","atividades",259,10,5.367,9,3
"reg_nordeste","article","recursos",235,9,4.667,20,3
"reg_nordeste","article","projeto",228,13,6.921,22,3
"reg_nordeste","article","tecnologica",209,10,5.695,3,1
"reg_nordeste","article","empresas",201,12,6.356,26,1
"reg_nordeste","article","apoio",196,8,4.391,11,3
"reg_nordeste","article","icts",187,3,1.501,0,3
"reg_nordeste","article","financiamento",184,5,2.562,0,1
"reg_nordeste","article","fundacao",166,2,1.215,0,3
"reg_nordeste","article","instituicao",160,4,1.931,0,3
"reg_nordeste","article","ciencia",154,5,2.799,0,1
"reg_nordeste","article","fomento",144,1,0.512,0,1
"reg_nordeste","article","transferencia",140,3,1.525,0,1
"reg_nordeste","article","tecnologico",138,7,3.768,0,1
"reg_nordeste","article","execucao",130,1,0.487,0,3
"reg_nordeste","article","estimulo",129,6,3.023,0,3
"reg_nordeste","article","entidades",127,3,1.462,20,2
"reg_nordeste","article","intelectual",108,1,0.479,0,1
"reg_nordeste","article","direito",104,1,0.472,0,2
"reg_centro_oeste","article","inovacao",166,14,8.119,34,1
"reg_centro_oeste","article","tecnologia",154,10,6.121,28,1
"reg_centro_oeste","article","desenvolvimento",125,11,6.553,15,1
"reg_centro_oeste","article","atividades",80,9,5.034,10,1
"reg_centro_oeste","article","empresas",76,10,5.667,25,1
"reg_centro_oeste","article","projeto",73,12,6.651,32,1
"reg_centro_oeste","article","tecnologica",70,11,6.222,20,1
"reg_centro_oeste","article","entidades",67,5,2.734,1,1
"reg_centro_oeste","article","icts",65,7,3.855,2,1
"reg_centro_oeste","article","servicos",65,4,2.069,0,1
"reg_centro_oeste","article","recursos",64,7,3.747,7,1
"reg_centro_oeste","article","financiamento",61,7,3.747,20,1
"reg_centro_oeste","article","transferencia",61,4,2.157,20,1
"reg_centro_oeste","article","tecnologico",52,7,3.881,0,1
"reg_centro_oeste","article","fomento",51,3,1.662,0,1
"reg_centro_oeste","article","apoio",49,5,2.723,1,1
"reg_centro_oeste","article","ciencia",49,6,3.258,1,1
"reg_centro_oeste","article","instituicao",49,2,1.001,0,1
"reg_centro_oeste","article","meio",49,1,0.573,0,1
"reg_centro_oeste","article","intelectual",48,1,0.913,0,2
"reg_centro_oeste","article","estimulo",44,1,0.51,0,1
"reg_centro_oeste","article","propriedade",42,1,0.913,0,2
"reg_centro_oeste","article","direito",39,1,0.547,0,1
"reg_centro_oeste","article","execucao",37,1,0.539,0,1
"reg_sudeste","article","tecnologia",111,10,5.532,34,2
"reg_sudeste","article","inovacao",91,9,4.929,15,2
"reg_sudeste","article","desenvolvimento",84,12,6.205,45,2
"reg_sudeste","article","tecnologica",60,9,4.608,21,2
"reg_sudeste","article","atividades",50,11,5.376,22,4
"reg_sudeste","article","financiamento",50,7,3.488,25,4
"reg_sudeste","article","recursos",50,5,2.273,0,4
"reg_sudeste","article","empresas",48,10,4.615,21,2
"reg_sudeste","article","projeto",47,12,5.552,9,4
"reg_sudeste","article","ciencia",36,8,3.853,0,2
"reg_sudeste","article","apoio",31,5,2.392,4,4
"reg_sudeste","article","direito",31,5,2.271,17,1
"reg_sudeste","article","transferencia",27,2,0.856,0,3
"reg_sudeste","article","instituicao",26,1,0.405,0,2
"reg_sudeste","article","intelectual",26,4,2.301,12,3
"reg_sudeste","article","tecnologico",26,6,2.891,0,2
"reg_sudeste","article","entidades",24,1,0.421,0,2
"reg_sudeste","article","propriedade",24,2,1.397,0,3
"reg_sudeste","article","fomento",23,3,1.451,0,4
"reg_sudeste","article","processo",23,8,3.572,32,2
"reg_sudeste","article","seja",22,2,0.849,1,1
"reg_sudeste","article","empresa",21,2,0.866,3,1
"reg_sudeste","article","produtos",21,6,2.811,0,4
"reg_sul","article","inovacao",123,11,6.416,39,2
"reg_sul","article","tecnologia",119,11,6.502,74,2
"reg_sul","article","desenvolvimento",105,11,6.357,28,2
"reg_sul","article","tecnologica",67,7,4.133,0,2
"reg_sul","article","empresas",59,12,6.203,41,2
"reg_sul","article","atividades",53,13,6.725,19,2
"reg_sul","article","ciencia",51,6,3.53,0,2
"reg_sul","article","projeto",51,9,4.726,39,2
"reg_sul","article","instituicao",43,7,3.417,0,2
"reg_sul","article","servicos",43,4,2.117,2,2
"reg_sul","article","recursos",41,7,3.544,19,2
"reg_sul","article","financiamento",37,4,1.96,0,2
"reg_sul","article","tecnologico",37,3,1.715,0,2
"reg_sul","article","apoio",35,8,4.105,4,2
"reg_sul","article","direito",35,1,0.604,0,1
"reg_sul","article","fomento",35,3,1.592,0,2
"reg_sul","article","entidades",34,3,1.522,3,2
"reg_sul","article","execucao",34,1,0.485,0,2
"reg_sul","article","icts",33,7,3.534,6,2
"reg_sul","article","processos",31,3,1.644,0,2
"reg_sul","article","transferencia",30,3,1.602,43,1
"reg_sul","article","instrumentos",28,3,1.553,4,2
"reg_sul","article","privadas",28,2,0.975,0,2
"reg_sul","article","intelectual",27,1,0.492,0,1
"lei_01","article","inovacao",87,11,6.978,10,1
"lei_01","article","tecnologia",84,10,6.498,45,1
"lei_01","article","desenvolvimento",81,15,9.293,70,1
"lei_01","article","atividades",50,10,5.975,17,1
"lei_01","article","financiamento",50,1,0.566,0,1
"lei_01","article","projeto",49,10,5.83,56,1
"lei_01","article","recursos",49,2,1.108,0,1
"lei_01","article","empresas",44,10,5.959,27,2
"lei_01","article","tecnologica",41,5,3.253,0,1
"lei_01","article","ciencia",40,5,3.124,0,1
"lei_01","article","servicos",39,4,2.403,4,2
"lei_01","article","icts",38,6,3.683,0,1
"lei_01","article","entidades",37,2,1.085,0,1
"lei_01","article","direito",35,7,3.938,19,1
"lei_01","article","instituicao",35,3,1.684,0,1
"lei_01","article","acre",32,2,1.154,0,1
"lei_01","article","transferencia",32,2,1.123,1,2
"lei_01","article","processos",31,6,3.685,13,2
"lei_01","article","fomento",30,8,4.728,5,1
"lei_01","article","produtos",30,3,2.003,0,2
"lei_01","article","tecnologico",30,8,4.618,4,1
"lei_01","article","apoio",29,7,4.117,6,1
"lei_01","article","meio",28,1,0.594,0,1
"lei_01","article","estimulo",27,2,1.165,0,2
"lei_02","article","tecnologia",34,12,8.096,8,2
"lei_02","article","inovacao",31,14,9.181,57,2
"lei_02","article","desenvolvimento",26,14,9.369,63,2
"lei_02","article","alagoas",25,9,6.234,11,2
"lei_02","article","gabinete",19,8,5.118,1,2
"lei_02","article","recursos",19,4,2.516,24,3
"lei_02","article","financiamento",18,3,1.862,0,3
"lei_02","article","atividades",16,7,4.486,0,2
"lei_02","article","projeto",16,9,5.463,18,2
"lei_02","article","meio",15,6,3.818,18,2
"lei_02","article","empresas",14,11,6.942,23,2
"lei_02","article","instituicao",13,2,1.171,0,2
"lei_02","article","tecnologica",13,8,5.132,27,2
"lei_02","article","tecnologico",13,6,3.858,1,2
"lei_02","article","ciencia",12,5,3.092,0,2
"lei_02","article","fundecti",12,1,0.662,0,3
"lei_02","article","fapeal",11,1,0.603,0,2
"lei_02","article","fomento",10,3,1.753,0,2
"lei_02","article","servicos",10,2,1.322,0,2
"lei_02","article","transferencia",10,3,1.838,10,1
"lei_02","article","contratos",9,4,2.408,24,1
"lei_02","article","icts",9,5,3.087,22,2
"lei_02","article","promover",9,2,1.23,0,2
"lei_02","article","direito",8,1,0.589,0,1
"lei_03","article","tecnologia",21,8,5.955,97,1
"lei_03","article","desenvolvimento",16,5,3.547,33,1
"lei_03","article","inovacao",15,5,3.787,0,1
"lei_03","article","ciencia",14,6,4.684,7,1
"lei_03","article","tecnologica",14,7,5.242,21,1
"lei_03","article","amazonas",13,10,7.331,120,2
"lei_03","article","institui",11,8,5.7,24,1
"lei_03","article","atividades",10,4,2.794,0,1
"lei_03","article","instituicao",10,7,4.853,54,1
"lei_03","article","projeto",10,4,2.834,32,1
"lei_03","article","direito",9,3,2.197,4,1
"lei_03","article","assembleia",8,8,7.397,0,2
"lei_03","article","intelectual",8,2,1.671,0,1
"lei_03","article","legislativa",8,8,7.397,0,2
"lei_03","article","propriedade",8,2,1.671,0,1
"lei_03","article","antiga",7,8,7.605,0,2
"lei_03","article","cria",7,1,0.717,0,1
"lei_03","article","empresas",7,2,1.463,1,1
"lei_03","article","estimulo",7,2,1.401,0,1
"lei_03","article","fone",7,8,7.605,0,2
"lei_03","article","manaus",7,8,7.605,0,2
"lei_03","article","monteiro",7,8,7.605,0,2
"lei_03","article","parque",7,8,7.605,0,2
"lei_03","article","recife",7,8,7.605,0,2
"lei_04","article","tecnologia",43,14,8.469,89,2
"lei_04","article","inovacao",38,11,6.537,15,2
"lei_04","article","desenvolvimento",30,12,6.879,27,2
"lei_04","article","empresas",27,15,8.452,89,3
"lei_04","article","tecnologica",21,7,3.925,11,2
"lei_04","article","governo",18,7,3.841,3,2
"lei_04","article","ciencia",17,9,4.946,5,2
"lei_04","article","meio",16,7,3.876,0,2
"lei_04","article","projeto",16,5,2.779,1,2
"lei_04","article","instituicao",15,5,2.701,0,2
"lei_04","article","transferencia",12,5,2.694,45,1
"lei_04","article","atividades",11,6,3.086,12,2
"lei_04","article","financiamento",11,6,3.155,9,3
"lei_04","article","tecnologico",11,6,3.335,1,2
"lei_04","article","direito",10,4,2.075,9,1
"lei_04","article","privadas",10,3,1.577,0,2
"lei_04","article","instrumento",9,1,0.481,0,1
"lei_04","article","instrumentos",9,1,0.487,0,2
"lei_04","article","intelectual",9,1,0.577,0,1
"lei_04","article","recursos",9,3,1.588,2,3
"lei_04","article","servicos",9,3,1.577,1,3
"lei_04","article","tecnologicos",9,3,1.551,0,2
"lei_04","article","base",8,2,0.999,0,2
"lei_04","article","fomento",8,2,1.009,0,3
"lei_04","article","inovadoras",8,2,0.948,0,3
"lei_05","article","inovacao",79,11,6.913,23,1
"lei_05","article","tecnologia",74,12,7.22,23,1
"lei_05","article","icts",70,10,5.528,7,2
"lei_05","article","apoio",61,9,5.354,11,2
"lei_05","article","atividades",59,10,5.621,3,1
"lei_05","article","recursos",59,9,5.012,2,2
"lei_05","article","desenvolvimento",58,14,7.942,41,1
"lei_05","article","fundacao",55,5,3.068,0,2
"lei_05","article","projeto",53,12,7.012,26,2
"lei_05","article","empresas",41,9,5.108,13,1
"lei_05","article","tecnologica",41,10,5.764,20,1
"lei_05","article","servicos",38,1,0.488,0,1
"lei_05","article","fomento",35,2,1.092,0,1
"lei_05","article","ciencia",34,3,1.806,0,1
"lei_05","article","financiamento",34,3,1.583,0,1
"lei_05","article","execucao",30,4,2.038,0,2
"lei_05","article","estimulo",29,7,3.608,0,2
"lei_05","article","transferencia",28,3,1.638,0,1
"lei_05","article","entidades",25,1,0.499,0,1
"lei_05","article","gestao",25,2,1.007,0,2
"lei_05","article","intelectual",22,3,1.559,0,1
"lei_06","article","inovacao",55,13,7.743,62,2
"lei_06","article","desenvolvimento",49,12,7.202,33,2
"lei_06","article","tecnologia",46,14,8.337,62,2
"lei_06","article","atividades",32,3,1.561,0,2
"lei_06","article","icts",32,5,2.674,13,3
"lei_06","article","projeto",30,7,4.068,22,3
"lei_06","article","empresas",27,11,6.146,28,1
"lei_06","article","recursos",27,7,3.819,21,1
"lei_06","article","apoio",26,7,4.036,22,3
"lei_06","article","fundacao",26,2,1.345,0,3
"lei_06","article","financiamento",24,3,1.66,2,1
"lei_06","article","tecnologica",24,5,3.142,0,2
"lei_06","article","fomento",23,2,1.073,0,2
"lei_06","article","instituicao",22,3,1.522,2,2
"lei_06","article","servicos",22,2,1.087,0,2
"lei_06","article","execucao",18,4,2.121,6,3
"lei_06","article","tecnologico",18,6,3.481,2,2
"lei_06","article","ciencia",17,6,3.306,1,2
"lei_06","article","estimulo",17,5,2.652,7,2
"lei_06","article","transferencia",17,3,1.627,7,1
"lei_06","article","cear",15,5,2.704,0,2
"lei_06","article","meio",15,4,2.101,2,1
"lei_06","article","contratos",14,2,1.081,1,3
"lei_06","article","entidades",14,4,2.142,0,1
"lei_06","article","gestao",14,5,2.632,7,1
"lei_07","article","inovacao",19,10,7.966,5,1
"lei_07","article","tecnologia",19,9,7.277,2,1
"lei_07","article","distrital",18,12,9.353,9,1
"lei_07","article","distrito",18,13,9.898,13,1
"lei_07","article","desenvolvimento",15,12,9.063,3,1
"lei_07","article","projeto",15,8,5.813,0,1
"lei_07","article","servicos",14,10,7.423,1,1
"lei_07","article","sistema",12,9,6.988,4,1
"lei_07","article","empresas",11,12,8.744,3,1
"lei_07","article","tecnologicos",10,12,9.225,13,1
"lei_07","article","ciencia",9,5,3.615,0,1
"lei_07","article","entidades",9,4,2.888,0,1
"lei_07","article","financiamento",9,2,1.396,0,1
"lei_07","article","tecnologica",9,6,4.352,0,1
"lei_07","article","tecnologico",9,8,6.024,0,1
"lei_07","article","atividades",8,6,4.453,3,1
"lei_07","article","outros",7,1,0.772,0,2
"lei_07","article","apoio",6,1,0.772,0,2
"lei_08","article","tecnologia",23,8,4.68,27,2
"lei_08","article","desenvolvimento",22,11,6.032,32,2
"lei_08","article","atividades",20,12,6.792,90,2
"lei_08","article","ictes",20,6,3.416,1,2
"lei_08","article","inovacao",20,9,4.968,30,2
"lei_08","article","financiamento",14,11,5.23,119,2
"lei_08","article","empresas",13,6,3.062,0,2
"lei_08","article","projeto",13,8,4.083,15,2
"lei_08","article","direito",12,7,3.63,14,2
"lei_08","article","ciencia",11,5,2.719,0,2
"lei_08","article","criao",11,4,2.079,0,2
"lei_08","article","dispositivo",11,6,3.799,62,3
"lei_08","article","recursos",11,5,2.561,48,1
"lei_08","article","maro",10,6,3.734,0,3
"lei_08","article","revogado",10,6,3.734,0,3
"lei_08","article","apoio",9,3,1.503,0,2
"lei_08","article","instituies",9,4,1.882,4,1
"lei_08","article","entidades",8,3,1.539,24,1
"lei_08","article","esprito",8,4,2.321,0,3
"lei_08","article","incluido",8,3,1.864,0,3
"lei_08","article","regulamento",8,1,0.442,0,2
"lei_08","article","santo",8,4,2.321,0,3
"lei_08","article","aprovao",7,1,0.535,0,1
"lei_08","article","captulo",7,2,0.93,0,2
"lei_08","article","empresa",7,3,1.444,0,2
"lei_08","article","execuo",7,2,1.077,0,2
"lei_09","article","inovacao",56,15,8.194,70,2
"lei_09","article","tecnologia",53,15,8.347,86,2
"lei_09","article","desenvolvimento",46,9,5.368,24,2
"lei_09","article","empresas",27,5,2.669,0,2
"lei_09","article","atividades",26,10,5.364,23,2
"lei_09","article","icts",23,6,3.262,7,2
"lei_09","article","intelectual",23,5,2.999,6,1
"lei_09","article","projeto",22,9,4.859,25,2
"lei_09","article","propriedade",22,3,1.978,0,1
"lei_09","article","tecnologica",21,7,3.81,1,2
"lei_09","article","transferencia",21,4,2.2,23,1
"lei_09","article","fomento",20,7,3.612,0,2
"lei_09","article","recursos",20,5,2.478,1,2
"lei_09","article","tecnologico",20,11,5.797,46,2
"lei_09","article","meio",19,2,1.01,0,2
"lei_09","article","apoio",18,8,4.161,6,2
"lei_09","article","servicos",18,1,0.539,0,2
"lei_09","article","entidades",17,2,0.979,0,2
"lei_09","article","instituicao",17,5,2.493,0,2
"lei_09","article","ciencia",15,5,2.593,0,2
"lei_09","article","estimulo",15,1,0.487,0,2
"lei_09","article","financiamento",15,2,1.029,1,2
"lei_09","article","ambiente",14,1,0.478,0,2
"lei_09","article","base",14,1,0.496,0,2
"lei_09","article","direito",13,1,0.567,0,1
"lei_10","article","inovacao",33,14,8.538,39,1
"lei_10","article","desenvolvimento",32,14,8.401,41,1
"lei_10","article","tecnologia",32,9,5.724,18,1
"lei_10","article","maranh",26,9,6.535,8,1
"lei_10","article","atividades",22,8,4.757,23,1
"lei_10","article","assembleia",21,7,5.524,0,1
"lei_10","article","diretoria",21,7,5.524,0,1
"lei_10","article","instalada",21,7,5.524,0,1
"lei_10","article","legislativa",21,7,5.524,0,1
"lei_10","article","icts",20,5,3.008,4,1
"lei_10","article","recursos",19,5,2.823,1,1
"lei_10","article","projeto",18,9,5.378,6,1
"lei_10","article","transferencia",18,3,1.797,0,1
"lei_10","article","empresas",17,6,3.56,0,1
"lei_10","article","financiamento",17,4,2.329,0,1
"lei_10","article","tecnologica",16,10,5.948,19,1
"lei_10","article","regulamento",15,1,0.653,0,2
"lei_10","article","intelectual",14,1,0.614,0,1
"lei_10","article","apoio",13,5,2.915,3,1
"lei_10","article","execucao",13,1,0.545,0,1
"lei_10","article","tecnologico",13,5,3,0,1
"lei_10","article","estimulo",12,2,1.122,0,1
"lei_10","article","direito",11,1,0.653,0,2
"lei_11","article","tecnologia",21,9,5.072,31,2
"lei_11","article","desenvolvimento",19,11,6.116,27,2
"lei_11","article","financiamento",15,2,1.074,44,1
"lei_11","article","inovacao",15,9,5.221,14,2
"lei_11","article","fiit",14,1,0.617,0,1
"lei_11","article","recursos",14,2,1.169,23,1
"lei_11","article","tecnologica",14,11,6.289,53,2
"lei_11","article","projeto",12,7,4.276,67,2
"lei_11","article","empresas",9,11,6.275,11,2
"lei_11","article","atividades",7,6,3.167,0,2
"lei_11","article","direito",7,8,4.642,46,2
"lei_11","article","ebts",7,4,2.324,0,2
"lei_11","article","instituicao",7,10,5.741,44,2
"lei_11","article","intelectual",7,7,4.15,17,2
"lei_11","article","observado",7,1,0.507,0,2
"lei_11","article","processos",7,7,4.446,12,2
"lei_11","article","produtos",7,5,3.429,7,2
"lei_11","article","propriedade",7,7,4.15,17,2
"lei_11","article","ambito",6,6,3.386,0,2
"lei_11","article","ictmgs",6,4,2.269,23,2
"lei_11","article","incentivo",6,3,1.735,0,2
"lei_11","article","inventor",6,3,1.665,12,2
"lei_11","article","transferencia",6,1,0.5,0,2
"lei_11","article","base",5,3,1.562,4,2
"lei_11","article","cada",5,2,1.183,23,2
"lei_12","article","inovacao",54,11,6.586,35,2
"lei_12","article","tecnologia",48,10,6.109,45,1
"lei_12","article","desenvolvimento",37,12,6.936,27,2
"lei_12","article","entidades",30,13,7.186,56,2
"lei_12","article","atividades",24,5,2.799,0,2
"lei_12","article","financiamento",24,9,5.129,28,2
"lei_12","article","icts",23,8,4.486,4,2
"lei_12","article","recursos",23,5,2.726,4,2
"lei_12","article","empresas",22,6,3.424,5,2
"lei_12","article","projeto",20,7,3.848,0,2
"lei_12","article","tecnologica",20,7,4.129,10,1
"lei_12","article","grosso",18,4,2.701,0,1
"lei_12","article","mato",18,4,2.701,0,1
"lei_12","article","transferencia",17,6,3.233,3,2
"lei_12","article","meio",16,4,2.306,2,2
"lei_12","article","tecnologico",16,6,3.616,7,1
"lei_12","article","direta",15,3,2.012,5,2
"lei_12","article","estimulo",15,3,1.667,6,2
"lei_12","article","instrumentos",15,1,0.566,0,2
"lei_12","article","ciencia",14,7,4.038,3,1
"lei_12","article","indireta",14,2,1.503,0,2
"lei_12","article","privadas",14,3,1.661,2,2
"lei_12","article","servicos",14,4,2.325,3,1
"lei_13","article","inovacao",37,8,5.337,114,1
"lei_13","article","tecnologia",34,6,4.206,30,1
"lei_13","article","desenvolvimento",27,8,5.209,18,1
"lei_13","article","atividades",22,7,4.52,4,1
"lei_13","article","tecnologica",20,8,5.277,27,1
"lei_13","article","grosso",19,7,5.799,85,2
"lei_13","article","mato",19,7,5.799,85,2
"lei_13","article","servicos",19,6,4.957,0,2
"lei_13","article","transferencia",17,4,2.473,13,1
"lei_13","article","empresas",16,8,4.996,33,1
"lei_13","article","projeto",16,9,5.885,34,1
"lei_13","article","recursos",16,9,5.793,19,1
"lei_13","article","secretaria",16,6,5.33,0,2
"lei_13","article","assembleia",14,6,5.511,0,2
"lei_13","article","legislativa",14,6,5.511,0,2
"lei_13","article","legislativos",14,6,5.511,0,2
"lei_13","article","direito",13,2,1.191,1,1
"lei_13","article","financiamento",13,4,2.474,3,1
"lei_13","article","fomento",13,1,0.615,0,1
"lei_13","article","icts",13,6,3.954,24,1
"lei_13","article","ciencia",11,1,0.607,0,1
"lei_13","article","entidades",11,4,2.397,8,1
"lei_13","article","execucao",11,6,3.713,0,1
"lei_13","article","apoio",10,5,3.431,0,1
"lei_14","article","tecnologia",36,11,6.79,23,1
"lei_14","article","inovacao",30,10,6.092,10,1
"lei_14","article","desenvolvimento",26,11,6.769,50,1
"lei_14","article","tecnologica",23,8,4.791,0,1
"lei_14","article","ciencia",17,9,5.393,22,1
"lei_14","article","atividades",15,9,4.823,15,1
"lei_14","article","direito",15,2,1.088,0,1
"lei_14","article","instituicao",15,8,4.38,16,1
"lei_14","article","projeto",13,5,2.578,10,2
"lei_14","article","apoio",12,9,4.878,30,2
"lei_14","article","empresas",12,6,3.12,0,1
"lei_14","article","tecnologico",12,7,4.135,8,1
"lei_14","article","economicos",11,3,1.511,0,1
"lei_14","article","recursos",11,4,2.278,2,2
"lei_14","article","estimulo",10,5,2.727,2,1
"lei_14","article","privado",10,8,4.223,18,1
"lei_14","article","financiamento",9,3,1.565,0,2
"lei_14","article","processo",9,7,3.639,2,1
"lei_14","article","voltadas",9,6,3.09,2,1
"lei_14","article","conforme",8,1,0.555,0,1
"lei_14","article","execucao",8,4,2.182,2,2
"lei_14","article","fomento",8,4,2.193,1,2
"lei_15","article","tecnologia",41,13,7.828,56,1
"lei_15","article","inovacao",37,15,8.736,54,2
"lei_15","article","desenvolvimento",35,11,6.467,20,2
"lei_15","article","atividades",32,9,5.168,6,2
"lei_15","article","projeto",29,10,5.759,7,2
"lei_15","article","recursos",24,8,4.348,0,2
"lei_15","article","icts",23,5,2.691,0,3
"lei_15","article","financiamento",22,4,2.141,0,2
"lei_15","article","apoio",20,12,6.948,31,4
"lei_15","article","empresas",20,9,5.145,11,3
"lei_15","article","servicos",20,1,0.479,0,1
"lei_15","article","tecnologica",20,6,3.71,0,2
"lei_15","article","ciencia",18,1,0.626,0,1
"lei_15","article","fomento",18,4,2.215,1,3
"lei_15","article","transferencia",18,6,3.277,1,1
"lei_15","article","instituicao",17,4,2.195,1,3
"lei_15","article","execucao",16,5,2.553,0,2
"lei_15","article","fundacao",14,3,1.765,0,4
"lei_15","article","entidades",13,7,3.628,2,3
"lei_15","article","estimulo",12,5,2.655,1,4
"lei_15","article","gestao",12,1,0.522,0,2
"lei_15","article","intelectual",12,1,0.537,0,2
"lei_16","article","tecnologia",30,14,9.032,99,2
"lei_16","article","inovacao",27,10,6.678,36,2
"lei_16","article","desenvolvimento",24,6,3.773,4,1
"lei_16","article","projeto",20,6,3.657,0,2
"lei_16","article","empresas",18,11,7.084,52,2
"lei_16","article","atividades",17,5,2.915,0,2
"lei_16","article","icts",17,8,4.721,58,2
"lei_16","article","recursos",17,6,3.651,1,2
"lei_16","article","financiamento",16,10,5.925,49,1
"lei_16","article","tecnologica",16,8,5.183,4,2
"lei_16","article","regulamento",15,1,0.566,0,2
"lei_16","article","transferencia",15,6,3.579,4,2
"lei_16","article","estimulo",14,7,4.404,0,2
"lei_16","article","execucao",13,1,0.585,0,3
"lei_16","article","desde",12,1,0.577,0,1
"lei_16","article","entidades",12,5,3.077,15,1
"lei_16","article","intelectual",12,3,1.823,0,2
"lei_16","article","apoio",11,5,2.886,5,2
"lei_16","article","direito",11,3,1.806,4,1
"lei_16","article","direta",11,6,3.757,9,1
"lei_16","article","economicos",11,5,3.128,8,1
"lei_16","article","instituicao",11,2,1.17,24,3
"lei_16","article","tecnologico",11,6,3.791,13,1
"lei_16","article","ciencia",10,2,1.149,0,1
"lei_16","article","contrato",10,1,0.553,0,1
"lei_16","article","gestao",10,2,1.125,0,2
"lei_17","article","inovacao",33,11,6.988,34,2
"lei_17","article","desenvolvimento",27,10,6.298,15,2
"lei_17","article","tecnologia",27,11,7.11,54,2
"lei_17","article","atividades",23,7,4.198,0,2
"lei_17","article","tecnologica",20,8,5.083,8,2
"lei_17","article","recursos",18,12,7.262,62,2
"lei_17","article","icts",16,3,1.756,0,2
"lei_17","article","instituicao",16,4,2.439,7,2
"lei_17","article","empresas",15,4,2.399,0,2
"lei_17","article","projeto",15,8,4.854,5,2
"lei_17","article","apoio",14,9,5.347,48,2
"lei_17","article","ciencia",12,6,3.539,1,2
"lei_17","article","financiamento",12,8,4.808,17,2
"lei_17","article","fomento",12,8,4.646,23,2
"lei_17","article","estimulo",11,2,1.187,0,2
"lei_17","article","piau",11,3,1.641,0,2
"lei_17","article","transferencia",11,6,3.506,63,2
"lei_17","article","ensino",10,1,0.6,0,2
"lei_17","article","execucao",10,3,1.757,0,2
"lei_17","article","fundacao",10,2,1.361,23,2
"lei_17","article","lucrativos",10,2,1.265,0,1
"lei_17","article","tecnologico",10,6,3.541,0,2
"lei_17","article","direito",9,3,1.791,44,1
"lei_17","article","entidades",9,2,1.188,0,1
"lei_17","article","servicos",9,1,0.53,0,2
"lei_18","article","inovacao",53,10,6.343,18,2
"lei_18","article","desenvolvimento",46,11,6.825,46,2
"lei_18","article","tecnologia",46,11,6.873,64,1
"lei_18","article","atividades",24,8,4.637,42,2
"lei_18","article","projeto",23,8,4.576,2,2
"lei_18","article","empresas",22,12,6.823,31,2
"lei_18","article","servicos",22,4,2.554,8,3
"lei_18","article","tecnologica",22,4,2.552,0,2
"lei_18","article","ciencia",20,5,3.091,1,2
"lei_18","article","entidades",19,7,3.94,0,2
"lei_18","article","tecnologico",19,5,3.026,8,2
"lei_18","article","direito",18,4,2.418,13,1
"lei_18","article","design",17,3,1.838,3,3
"lei_18","article","paran",17,7,3.891,1,2
"lei_18","article","recursos",17,5,2.951,21,2
"lei_18","article","icts",16,7,3.862,8,2
"lei_18","article","apoio",15,8,4.595,37,2
"lei_18","article","base",15,1,0.566,0,2
"lei_18","article","privado",15,3,1.755,5,1
"lei_18","article","processo",15,2,1.102,6,3
"lei_18","article","produtos",15,4,2.706,3,3
"lei_18","article","fomento",14,2,1.128,0,2
"lei_18","article","processos",14,5,3.204,19,3
"lei_18","article","transferencia",14,2,1.206,0,1
"lei_18","article","inclusive",13,2,1.144,1,1
"lei_19","article","inovacao",29,10,7.129,16,1
"lei_19","article","tecnologia",26,10,6.886,16,1
"lei_19","article","desenvolvimento",18,9,6.294,12,1
"lei_19","article","recursos",18,11,7.347,13,1
"lei_19","article","atividades",17,10,6.69,10,1
"lei_19","article","tecnologica",17,6,4.229,2,1
"lei_19","article","financiamento",16,9,6.11,18,1
"lei_19","article","apoio",14,10,7.074,38,1
"lei_19","article","projeto",14,8,5.351,55,1
"lei_19","article","transferencia",13,11,7.206,6,1
"lei_19","article","ciencia",11,6,4.024,4,1
"lei_19","article","fomento",11,6,4.238,6,1
"lei_19","article","desde",10,3,1.965,0,1
"lei_19","article","empresas",10,3,1.866,0,1
"lei_19","article","intelectual",10,3,2.037,1,1
"lei_19","article","entidades",9,3,1.961,38,2
"lei_19","article","fundacao",9,4,2.819,0,1
"lei_19","article","icts",9,5,3.443,2,1
"lei_19","article","instituicao",9,1,0.661,0,1
"lei_19","article","servicos",9,8,5.394,17,1
"lei_19","article","lucrativos",8,2,1.375,0,2
"lei_19","article","direito",7,2,1.298,0,2
"lei_20","article","tecnologia",69,14,8.776,34,1
"lei_20","article","inovacao",68,14,8.889,38,1
"lei_20","article","desenvolvimento",64,17,10.378,99,1
"lei_20","article","icti",48,7,4.116,16,1
"lei_20","article","atividades",44,10,5.887,23,1
"lei_20","article","fundacao",36,3,1.723,2,1
"lei_20","article","grande",36,5,3.422,10,1
"lei_20","article","norte",36,5,3.422,10,1
"lei_20","article","recursos",35,4,2.127,22,1
"lei_20","article","projeto",34,7,3.909,0,1
"lei_20","article","apoio",33,6,3.286,13,1
"lei_20","article","empresas",30,7,4.011,8,1
"lei_20","article","tecnologica",30,7,4.258,1,1
"lei_20","article","tecnologico",30,4,2.643,0,1
"lei_20","article","ciencia",29,5,3.102,0,1
"lei_20","article","entidades",28,5,2.82,0,1
"lei_20","article","financiamento",27,1,0.519,0,1
"lei_20","article","aspx",26,3,2.539,0,2
"lei_20","article","diariooficial",26,3,2.539,0,2
"lei_20","article","dorn",26,3,2.539,0,2
"lei_20","article","instituicao",22,3,1.594,0,1
"lei_20","article","economico",21,3,1.654,0,1
"lei_20","article","execucao",21,1,0.532,0,1
"lei_20","article","estimulo",19,3,1.678,0,1
"lei_21","article","onia",4,15,10.924,32,1
"lei_21","article","instituicao",3,10,8.34,0,3
"lei_21","article","tecnologia",3,12,10.031,18,2
"lei_21","article","tecnologica",3,12,10.031,18,2
"lei_21","article","apoio",2,10,8.34,0,3
"lei_21","article","ciencia",2,10,8.34,0,3
"lei_21","article","empresas",2,13,8.84,0,2
"lei_21","article","fomento",2,10,8.34,0,3
"lei_21","article","governo",2,8,4.207,0,3
"lei_21","article","icts",2,10,8.34,0,3
"lei_21","article","inovacao",2,10,8.34,0,3
"lei_21","article","microempresas",2,6,5.34,0,2
"lei_21","article","pequeno",2,6,5.34,0,2
"lei_21","article","porte",2,6,5.34,0,2
"lei_21","article","processo",2,1,0.707,0,1
"lei_21","article","vice",2,1,0.707,0,1
"lei_22","article","inovacao",50,11,6.242,44,2
"lei_22","article","tecnologia",48,8,4.998,24,2
"lei_22","article","desenvolvimento",44,10,5.64,44,2
"lei_22","article","tecnologica",28,7,4.128,13,2
"lei_22","article","empresas",24,10,5.292,18,1
"lei_22","article","execucao",21,1,0.501,0,1
"lei_22","article","financiamento",21,8,4.323,15,1
"lei_22","article","projeto",21,7,3.623,5,1
"lei_22","article","atividades",19,11,5.926,68,1
"lei_22","article","ciencia",19,5,2.96,0,2
"lei_22","article","fomento",17,5,2.847,10,1
"lei_22","article","icts",17,10,5.731,37,1
"lei_22","article","recursos",17,7,3.962,16,1
"lei_22","article","instrumentos",15,4,2.181,1,1
"lei_22","article","processos",14,7,3.729,16,2
"lei_22","article","servicos",14,3,1.628,0,2
"lei_22","article","tecnologico",14,4,2.214,0,2
"lei_22","article","apoio",13,5,2.748,0,1
"lei_22","article","entidades",13,4,2.184,0,1
"lei_22","article","estaduais",13,2,1.076,0,1
"lei_22","article","estimulo",13,3,1.543,0,1
"lei_22","article","inovadores",13,4,2.196,6,2
"lei_22","article","instituicao",13,1,0.573,0,1
"lei_22","article","transferencia",13,2,1.113,0,2
"lei_22","article","visando",13,1,0.502,0,2
"lei_23","article","tecnologia",25,12,7.672,12,1
"lei_23","article","inovacao",20,13,8.246,36,1
"lei_23","article","tecnologica",17,11,6.788,11,1
"lei_23","article","desenvolvimento",15,10,6.499,46,1
"lei_23","article","catarina",14,6,3.897,0,1
"lei_23","article","instituicao",14,9,5.883,15,1
"lei_23","article","santa",14,6,3.897,0,1
"lei_23","article","empresas",13,6,3.411,0,1
"lei_23","article","ciencia",12,10,6.225,5,1
"lei_23","article","atividades",10,9,5.136,8,1
"lei_23","article","intelectual",8,5,3.391,80,2
"lei_23","article","apoio",7,5,2.959,0,1
"lei_23","article","direito",7,3,1.857,0,2
"lei_23","article","estimulo",7,4,2.214,0,1
"lei_23","article","produtivo",7,4,2.325,0,1
"lei_23","article","projeto",7,10,5.757,99,1
"lei_23","article","propriedade",7,2,1.507,0,2
"lei_23","article","recursos",7,1,0.667,0,3
"lei_23","article","servicos",7,4,2.282,0,1
"lei_23","article","empresa",6,1,0.548,0,4
"lei_23","article","financiamento",6,2,1.244,22,3
"lei_23","article","resultados",6,4,2.328,102,2
"lei_23","article","conciti",5,2,1.125,22,4
"lei_23","article","contrato",5,1,0.632,0,2
"lei_24","article","tecnologia",36,13,8.599,20,1
"lei_24","article","sergipe",32,13,8.946,22,1
"lei_24","article","tecnologica",29,12,8.192,12,1
"lei_24","article","inovacao",27,11,7.059,0,1
"lei_24","article","desenvolvimento",24,11,6.777,20,1
"lei_24","article","assembl",23,11,7.267,0,1
"lei_24","article","deve",23,4,2.265,16,1
"lei_24","article","legislativa",23,10,6.741,0,1
"lei_24","article","ictese",21,8,4.554,0,1
"lei_24","article","empresas",19,7,4.088,0,1
"lei_24","article","devem",16,1,0.601,0,2
"lei_24","article","atividades",14,10,5.827,17,1
"lei_24","article","financiamento",14,1,0.601,0,2
"lei_24","article","instituicao",14,9,5.152,3,1
"lei_24","article","projeto",13,1,0.623,0,1
"lei_24","article","base",12,5,2.819,0,1
"lei_24","article","ciencia",12,8,4.608,0,1
"lei_24","article","pode",12,1,0.554,0,1
"lei_24","article","apoio",11,3,1.76,0,1
"lei_24","article","direito",11,1,0.564,0,1
"lei_25","article","tecnologia",41,12,6.661,23,2
"lei_25","article","tecnologica",29,12,6.632,31,2
"lei_25","article","inovacao",27,8,4.547,1,2
"lei_25","article","desenvolvimento",25,9,4.673,19,2
"lei_25","article","empresas",16,8,3.967,25,2
"lei_25","article","tecnologico",14,13,7.024,39,2
"lei_25","article","ciencia",10,9,4.76,19,2
"lei_25","article","direta",8,3,1.456,2,2
"lei_25","article","paulista",8,7,4.17,2,2
"lei_25","article","processo",8,2,0.918,0,2
"lei_25","article","produtivo",8,8,4.436,4,2
"lei_25","article","projeto",8,1,0.505,0,2
"lei_25","article","tecnologicos",8,8,4.983,7,2
"lei_25","article","inventor",7,1,0.447,0,1
"lei_25","article","parques",7,7,4.553,3,2
"lei_25","article","prazo",7,1,0.447,0,1
"lei_25","article","sistema",7,5,3.21,0,2
"lei_25","article","social",7,5,2.276,1,2
"lei_25","article","ambiente",6,6,3.412,0,2
"lei_25","article","atividades",6,1,0.436,0,2
"lei_25","article","cargo",6,1,0.424,0,2
"lei_25","article","engenharia",6,5,2.852,0,2
"lei_25","article","incubadoras",6,8,4.651,5,2
"lei_26","article","tecnologia",24,12,7.367,101,3
"lei_26","article","desenvolvimento",19,9,5.594,22,3
"lei_26","article","inovacao",18,8,5.302,15,3
"lei_26","article","atividades",16,10,6.025,14,3
"lei_26","article","tecnologica",16,10,6.42,30,3
"lei_26","article","instituicao",11,8,4.518,2,3
"lei_26","article","direito",10,5,2.956,35,1
"lei_26","article","projeto",10,9,5.262,0,3
"lei_26","article","ciencia",9,10,6.028,3,3
"lei_26","article","empresas",9,4,2.144,12,1
"lei_26","article","financiamento",9,5,2.917,14,1
"lei_26","article","tocantins",9,8,4.75,0,3
"lei_26","article","pode",8,2,1.255,16,2
"lei_26","article","prazo",8,2,1.327,2,2
"lei_26","article","intelectual",7,3,1.95,18,1
"lei_26","article","transferencia",7,2,1.312,13,1
"lei_26","article","apoio",6,7,3.68,16,3
"lei_26","article","contrato",6,3,1.767,7,2
"lei_26","article","estimulo",6,3,1.577,6,1
"lei_26","article","facultado",6,2,1.01,0,3
"lei_26","article","fomento",6,3,1.544,5,1
"lei_26","article","licenciamento",6,3,1.788,7,1
"lei_26","article","militar",6,6,3.289,1,3
"lei_26","article","propriedade",6,3,1.926,7,1
"lei_26","article","recursos",6,3,1.826,6,1
"lei_27","article","medida",105,7,3.891,8,1
"lei_27","article","provisoria",102,7,3.896,32,1
"lei_27","article","pessoa",94,11,4.721,18,2
"lei_27","article","juridica",89,9,4.07,6,2
"lei_27","article","incluido",81,6,3.04,8,1
"lei_27","article","vide",75,6,2.02,24,1
"lei_27","article","contribuicao",71,8,3.743,13,2
"lei_27","article","regulamento",69,3,1.015,0,2
"lei_27","article","receita",68,11,4.425,54,2
"lei_27","article","cento",65,12,4.561,39,2
"lei_27","article","cofins",62,8,3.758,22,2
"lei_27","article","aplica",60,5,1.736,24,2
"lei_27","article","revogado",59,5,2.251,0,1
"lei_27","article","contribuies",55,3,1.117,0,2
"lei_27","article","partir",51,1,0.313,0,2
"lei_27","article","produtos",51,1,0.36,0,2
"lei_27","article","venda",48,11,4.659,50,2
"lei_27","article","valor",45,4,1.307,22,2
"lei_27","article","bens",43,6,2.449,0,2
"lei_27","article","vigorar",42,1,0.368,0,2
"lei_27","article","alquotas",40,4,1.921,0,2
"lei_27","article","caso",39,1,0.319,0,2
"lei_27","article","encerrada",39,4,2.165,0,1
"lei_27","article","servicos",38,6,2.628,0,2
"lei_28","article","inovacao",37,11,6.934,28,1
"lei_28","article","tecnologia",34,13,7.869,38,1
"lei_28","article","desenvolvimento",31,9,5.401,42,1
"lei_28","article","projeto",21,7,4.246,0,1
"lei_28","article","atividades",19,9,5.285,9,1
"lei_28","article","empresas",18,11,6.373,32,1
"lei_28","article","icts",16,12,6.764,15,1
"lei_28","article","recursos",16,11,6.235,5,1
"lei_28","article","apoio",15,8,4.408,3,1
"lei_28","article","transferencia",14,11,6.283,40,1
"lei_28","article","ciencia",13,2,1.118,0,1
"lei_28","article","fomento",13,5,2.798,6,1
"lei_28","article","cincia",12,3,1.669,0,1
"lei_28","article","podero",12,3,1.59,0,1
"lei_28","article","criao",11,2,1.119,0,1
"lei_28","article","desde",11,1,0.667,0,2
"lei_28","article","entidades",11,7,3.824,0,1
"lei_28","article","financiamento",11,2,1.17,21,2
"lei_28","article","execuo",10,1,0.511,0,1
"lei_28","article","intelectual",10,1,0.507,0,1
"lei_28","article","pblicas",9,3,1.673,0,1
"lei_28","article","unio",9,7,3.926,44,1
"lei_28","article","capacitao",8,1,0.508,0,1
"lei_29","article","contrato",10,4,2.256,1,5
"lei_29","article","investimento",10,11,5.375,69,2
"lei_29","article","captulo",9,4,1.766,0,2
"lei_29","article","inovacao",9,8,4.211,18,2
"lei_29","article","valores",9,6,3.493,13,4
"lei_29","article","capital",8,9,4.647,44,4
"lei_29","article","desenvolvimento",8,7,3.7,17,2
"lei_29","article","quanto",8,2,0.913,10,4
"lei_29","article","soluo",8,6,3.207,35,5
"lei_29","article","tecnologia",8,7,3.409,40,5
"lei_29","article","ambiente",7,5,2.198,16,1
"lei_29","article","empresas",7,8,4.049,17,2
"lei_29","article","hiptese",7,2,0.922,0,5
"lei_29","article","podero",7,3,1.409,0,4
"lei_29","article","valor",7,4,2.028,0,5
"lei_29","article","comisso",6,5,2.677,0,4
"lei_29","article","critrios",6,3,1.528,20,1
"lei_29","article","empresa",6,3,1.686,0,3
"lei_29","article","estabelecer",6,4,1.725,10,4
"lei_29","article","meio",6,10,4.665,50,2
"lei_29","article","mobilirios",6,6,3.178,12,4
"lei_29","article","pblicas",6,6,2.815,35,2
"lei_29","article","startups",6,4,2.03,0,2
"lei_29","article","aporte",5,8,3.546,8,4
"lei_29","article","considerado",5,3,1.76,0,3
"lei_29","article","contratao",5,2,1.055,4,1
"lei_30","article","inovacao",35,9,5.983,1,1
"lei_30","article","tecnologia",33,9,6.048,2,1
"lei_30","article","macei",31,10,6.4,22,1
"lei_30","article","desenvolvimento",20,8,4.966,30,1
"lei_30","article","ciencia",17,15,9.716,66,1
"lei_30","article","financiamento",17,3,1.812,0,2
"lei_30","article","fmcti",16,2,1.212,0,2
"lei_30","article","servicos",16,6,3.472,6,1
"lei_30","article","empresas",15,6,3.622,4,3
"lei_30","article","criativa",14,6,3.815,0,1
"lei_30","article","prefeitura",14,4,2.909,0,1
"lei_30","article","baixado",13,4,2.787,0,1
"lei_30","article","instituicao",13,4,2.716,0,3
"lei_30","article","meio",13,2,1.058,0,3
"lei_30","article","tecnologica",13,12,7.715,29,1
"lei_30","article","recursos",12,3,1.98,20,2
"lei_30","article","atividades",11,5,2.807,57,2
"lei_30","article","economia",11,7,4.487,0,1
"lei_30","article","empreendedorismo",11,8,4.903,0,1
"lei_30","article","ensino",11,6,3.839,29,3
"lei_30","article","smcti",11,2,1.063,0,1
"lei_30","article","entidades",10,2,1.186,0,3
"lei_30","article","promover",9,7,4.475,33,1
"lei_31","article","manaus",16,8,4.568,117,1
"lei_31","article","startups",16,8,5.127,61,2
"lei_31","article","desenvolvimento",12,10,6.752,36,2
"lei_31","article","apoio",8,8,5.449,28,2
"lei_31","article","empreendedorismo",8,10,7.006,12,2
"lei_31","article","objetivo",8,7,4.509,3,2
"lei_31","article","outras",7,2,1.293,17,2
"lei_31","article","atividades",6,5,3.112,43,2
"lei_31","article","financiamento",6,8,5.582,22,2
"lei_31","article","fomento",6,6,3.799,146,2
"lei_31","article","programa",6,3,2.138,10,2
"lei_31","article","tecnologia",6,8,5.244,31,2
"lei_31","article","anica",5,5,4.577,0,1
"lei_31","article","conferidas",5,3,2.053,7,1
"lei_31","article","decretou",5,5,4.577,0,1
"lei_31","article","empresas",5,6,4.05,0,2
"lei_31","article","entra",5,2,1.377,0,1
"lei_31","article","faco",5,5,4.577,0,1
"lei_31","article","incentivar",5,4,2.795,0,2
"lei_31","article","objetivos",5,4,2.795,0,2
"lei_31","article","saber",5,5,4.577,0,1
"lei_31","article","sanciono",5,5,4.577,0,1
"lei_31","article","aticas",4,3,1.928,0,2
"lei_31","article","capital",4,1,0.707,0,2
"lei_31","article","conta",4,3,1.992,24,2
"lei_31","article","edito",4,6,4.128,41,2
"lei_32","article","empresas",6,8,5.239,3,2
"lei_32","article","projeto",6,4,2.53,25,1
"lei_32","article","desenvolvimento",5,12,9.224,26,2
"lei_32","article","inovacao",5,12,9.224,26,2
"lei_32","article","startups",5,8,5.354,38,2
"lei_32","article","egicos",4,11,8.618,17,2
"lei_32","article","incentivo",4,3,1.955,143,2
"lei_32","article","inova",4,7,5.537,0,2
"lei_32","article","programa",4,7,5.537,0,2
"lei_32","article","setores",4,11,8.618,17,2
"lei_32","article","decorrente",3,4,2.966,75,1
"lei_32","article","empreendedorismo",3,9,6.646,96,2
"lei_32","article","fiscal",3,4,2.966,143,1
"lei_32","article","trabalho",3,3,2.366,0,2
"lei_32","article","valor",3,4,2.966,72,1
"lei_32","article","administrativas",2,1,0.632,0,1
"lei_32","article","anual",2,1,0.816,0,1
"lei_32","article","aprovado",2,3,2.449,36,1
"lei_32","article","atividades",2,7,5.128,0,2
"lei_32","article","base",2,7,5.128,0,2
"lei_32","article","cento",2,1,0.816,0,1
"lei_32","article","certificado",2,2,1.449,38,1
"lei_32","article","comiss",2,6,4.128,1,2
"lei_32","article","comprovar",2,2,1.524,140,1
"lei_32","article","comprovem",2,3,2.449,36,1
"lei_33","article","inovacao",45,12,6.838,63,2
"lei_33","article","salvador",28,8,4.431,21,2
"lei_33","article","tecnologia",26,13,8.339,32,2
"lei_33","article","desenvolvimento",24,14,8.78,71,2
"lei_33","article","projeto",23,9,5.301,24,2
"lei_33","article","tecnologica",18,8,5.307,10,2
"lei_33","article","base",16,6,3.827,0,2
"lei_33","article","cidade",16,4,2.242,2,2
"lei_33","article","fundo",16,2,1.2,21,1
"lei_33","article","recursos",16,1,0.626,0,2
"lei_33","article","atividades",15,5,2.823,0,2
"lei_33","article","conselho",15,3,1.646,0,2
"lei_33","article","inovador",14,5,3.292,0,2
"lei_33","article","programa",14,1,0.556,0,2
"lei_33","article","sistema",14,3,1.616,0,2
"lei_33","article","sustentabilidade",14,8,4.84,5,2
"lei_33","article","empresas",13,6,3.818,2,2
"lei_33","article","servicos",13,9,5.22,0,2
"lei_33","article","finova",12,1,0.623,0,1
"lei_33","article","interesse",12,1,0.53,0,2
"lei_33","article","empreendedorismo",11,7,4.177,0,2
"lei_33","article","sociedade",11,9,5.141,3,2
"lei_33","article","tecnologico",11,5,2.975,0,2
"lei_34","article","inovacao",23,13,7.121,77,2
"lei_34","article","fortaleza",21,9,4.782,15,3
"lei_34","article","tecnologia",18,16,8.357,127,6
"lei_34","article","desenvolvimento",14,10,5.397,10,2
"lei_34","article","entidades",11,3,1.469,24,4
"lei_34","article","citinova",10,5,3.001,23,1
"lei_34","article","projeto",9,2,1.001,0,2
"lei_34","article","ambiente",8,5,2.698,5,6
"lei_34","article","cidades",8,4,2.86,38,5
"lei_34","article","gestao",8,3,1.386,4,3
"lei_34","article","inovafor",8,5,2.967,4,2
"lei_34","article","inteligentes",8,3,2.443,6,5
"lei_34","article","meio",8,10,5.147,10,6
"lei_34","article","programa",8,4,2.432,0,2
"lei_34","article","promover",8,5,2.641,0,2
"lei_34","article","fundacao",7,5,2.925,0,1
"lei_34","article","inovadoras",7,2,0.857,0,3
"lei_34","article","tecnologico",7,7,3.589,20,3
"lei_34","article","observat",6,2,1.732,0,5
"lei_34","article","servicos",6,8,3.988,21,3
"lei_34","article","atividades",5,1,0.539,0,4
"lei_34","article","bolsas",5,2,1.073,0,1
"lei_34","article","ciencia",5,8,4.121,3,2
"lei_34","article","empreendedorismo",5,3,1.619,0,2
"lei_34","article","experimental",5,2,1.212,0,6
"lei_34","article","inovador",5,3,1.476,0,6
"lei_35","article","cidade",4,7,7,3,2
"lei_35","article","criador",4,9,9,0,1
"lei_35","article","criao",4,9,9,0,1
"lei_35","article","desenvolvimento",4,7,7,3,2
"lei_35","article","direito",4,9,9,0,1
"lei_35","article","explorao",4,9,9,0,1
"lei_35","article","inovacao",4,7,7,3,2
"lei_35","article","inventor",4,9,9,0,1
"lei_35","article","medidas",4,7,7,3,2
"lei_35","article","outras",4,6,6,0,2
"lei_35","article","poltica",4,6,6,0,2
"lei_35","article","projeto",4,9,9,0,1
"lei_35","article","protegida",4,9,9,0,1
"lei_35","article","resultados",4,9,9,0,1
"lei_35","article","seja",4,9,9,0,1
"lei_35","article","sistema",4,6,6,0,2
"lei_35","article","tenha",4,9,9,0,1
"lei_35","article","vitria",4,4,4,0,2
"lei_36","article","sandbox",19,10,5.897,6,4
"lei_36","article","ania",18,12,7.648,32,1
"lei_36","article","programa",18,12,7.653,43,1
"lei_36","article","cgena",17,7,4.562,18,1
"lei_36","article","desenvolvimento",16,13,7.12,104,4
"lei_36","article","comite",15,6,4.505,0,1
"lei_36","article","gestor",13,6,4.282,0,1
"lei_36","article","ambiente",9,3,1.539,0,4
"lei_36","article","meio",9,2,1.008,0,4
"lei_36","article","nova",9,5,3.706,0,1
"lei_36","article","projeto",9,2,1.134,0,2
"lei_36","article","ambito",8,8,4.477,31,2
"lei_36","article","inovacao",7,8,4.816,9,4
"lei_36","article","negocios",7,8,4.488,14,4
"lei_36","article","propostas",7,1,0.772,0,3
"lei_36","article","tecnologia",7,9,5.391,22,4
"lei_36","article","alise",6,1,0.772,0,3
"lei_36","article","atividade",6,4,2.439,36,6
"lei_36","article","cada",6,1,0.5,0,5
"lei_36","article","empreendedorismo",6,3,1.695,0,4
"lei_36","article","entidades",6,2,1.01,22,5
"lei_36","article","experimentais",6,7,4.116,0,4
"lei_36","article","limites",6,4,2.402,28,6
"lei_36","article","servicos",6,3,1.632,0,2
"lei_36","article","acesso",5,1,0.548,0,6
"lei_36","article","chefe",5,2,1.095,0,6
"lei_37","article","tecnologia",19,12,6.814,76,3
"lei_37","article","entidades",18,9,5.459,38,2
"lei_37","article","rgos",18,9,5.459,38,2
"lei_37","article","desenvolvimento",15,9,5.29,65,2
"lei_37","article","inovacao",13,8,4.989,72,1
"lei_37","article","captulo",10,3,1.647,0,1
"lei_37","article","encomenda",9,6,3.509,19,3
"lei_37","article","podero",9,3,1.73,3,2
"lei_37","article","autorizados",8,4,2.381,0,2
"lei_37","article","contrato",8,7,4.018,3,4
"lei_37","article","meio",8,5,2.701,0,2
"lei_37","article","atividades",7,4,2.403,9,3
"lei_37","article","contratado",7,5,3.207,15,4
"lei_37","article","contratao",7,3,1.681,0,3
"lei_37","article","criao",7,1,0.463,0,1
"lei_37","article","direito",7,1,0.52,0,3
"lei_37","article","entidade",7,2,0.983,0,3
"lei_37","article","processo",7,7,4.229,21,3
"lei_37","article","projeto",7,5,3.144,4,4
"lei_37","article","soluo",7,6,3.224,15,3
"lei_37","article","empresas",6,7,3.508,26,1
"lei_37","article","estmulo",6,4,2.362,0,1
"lei_37","article","financiamento",6,4,2.413,0,4
"lei_37","article","inovador",6,8,4.29,21,3
"lei_37","article","municpio",6,5,2.873,5,1
"lei_37","article","processos",6,3,1.5,3,1
"lei_38","article","desenvolvimento",27,7,4.431,2,1
"lei_38","article","tecnologia",24,11,7.094,51,1
"lei_38","article","inovacao",23,8,5.176,5,1
"lei_38","article","projeto",16,6,3.734,3,1
"lei_38","article","campo",13,2,1.489,0,1
"lei_38","article","fomento",13,7,4.247,1,1
"lei_38","article","grande",13,3,2.124,2,1
"lei_38","article","tecnologico",13,7,4.229,2,1
"lei_38","article","direito",12,1,0.545,0,2
"lei_38","article","empresas",12,14,8.841,86,2
"lei_38","article","atividades",11,4,2.417,26,2
"lei_38","article","instituicao",11,4,2.29,2,2
"lei_38","article","servicos",10,9,5.793,13,2
"lei_38","article","tecnologica",10,7,4.185,14,2
"lei_38","article","entidades",9,5,2.832,1,1
"lei_38","article","financiamento",9,4,2.386,0,2
"lei_38","article","recursos",9,9,5.86,9,2
"lei_38","article","intelectual",8,6,3.871,7,2
"lei_38","article","lucrativos",8,2,1.202,0,1
"lei_38","article","privadas",8,4,2.432,1,2
"lei_38","article","processos",8,5,3.717,0,2
"lei_38","article","produtos",8,5,3.717,0,2
"lei_38","article","transferencia",8,10,6.31,14,2
"lei_39","article","incentivo",4,11,6.234,7,2
"lei_39","article","startups",3,9,5.068,8,1
"lei_39","article","abertura",2,5,3.17,0,1
"lei_39","article","cmara",2,7,3.262,2,2
"lei_39","article","desenvolvimento",2,8,5.115,3,2
"lei_39","article","empresas",2,5,3.17,0,1
"lei_39","article","estmulo",2,8,5.115,3,2
"lei_39","article","investidores",2,6,3.115,2,1
"lei_39","article","municpio",2,9,5.024,1,1
"lei_39","article","original",2,6,2.854,1,2
"lei_39","article","promoo",2,8,5.115,3,2
"lei_39","article","sistema",2,6,3.207,1,2
"lei_40","article","desenvolvimento",40,15,8.415,73,2
"lei_40","article","inovacao",35,12,6.751,36,2
"lei_40","article","tecnologia",35,7,4.157,29,3
"lei_40","article","entidades",33,13,6.954,55,3
"lei_40","article","transferencia",20,7,3.725,29,1
"lei_40","article","financiamento",18,10,5.416,5,2
"lei_40","article","projeto",18,8,4.238,7,2
"lei_40","article","recursos",18,6,3.494,6,2
"lei_40","article","meio",17,5,2.735,10,2
"lei_40","article","tecnologica",17,6,3.401,23,3
"lei_40","article","atividades",16,4,2.079,24,4
"lei_40","article","hipotese",16,7,3.728,2,2
"lei_40","article","fomento",15,5,2.828,13,2
"lei_40","article","termo",14,7,3.819,13,2
"lei_40","article","parceria",13,2,1.133,0,2
"lei_40","article","privadas",13,3,1.568,0,2
"lei_40","article","execucao",12,4,2.351,0,2
"lei_40","article","processo",12,2,1.082,0,3
"lei_40","article","propriedade",12,2,1.364,0,1
"lei_40","article","contrato",11,4,2.089,0,3
"lei_40","article","empresas",11,2,1,0,4
"lei_40","article","entidade",11,2,1.149,1,2
"lei_40","article","intelectual",11,3,1.722,4,1
"lei_40","article","servicos",11,1,0.528,0,4
"lei_40","article","tecnologico",11,3,1.545,0,3
"lei_41","article","inovacao",12,12,7.749,56,2
"lei_41","article","conselho",11,6,4.434,18,2
"lei_41","article","tecnico",11,6,4.434,18,2
"lei_41","article","testes",8,7,4.819,32,3
"lei_41","article","ambientes",7,7,5.073,9,1
"lei_41","article","desenvolvimento",7,7,4.638,45,2
"lei_41","article","experimentais",7,6,4.45,24,1
"lei_41","article","tecnologia",6,9,6.175,40,1
"lei_41","article","teresina",6,6,4.017,28,1
"lei_41","article","entidades",5,5,3.341,24,2
"lei_41","article","inovador",5,7,4.925,16,3
"lei_41","article","ciencia",4,8,5.904,31,1
"lei_41","article","comite",4,4,3.155,20,4
"lei_41","article","competente",4,6,3.787,6,2
"lei_41","article","estabelecidos",4,4,2.396,0,2
"lei_41","article","iodo",4,4,2.705,0,3
"lei_41","article","norma",4,1,0.577,0,2
"lei_41","article","operacional",4,3,2.577,0,4
"lei_41","article","outros",4,1,0.75,0,1
"lei_41","article","participante",4,3,2.323,0,3
"lei_41","article","pode",4,3,2.577,0,4
"lei_41","article","resultados",4,1,0.671,0,2
"lei_41","article","tecnologica",4,7,5.327,10,1
"lei_41","article","atividade",3,8,5.109,40,3
"lei_41","article","bancos",3,1,0.655,0,1
"lei_41","article","caso",3,8,5.018,48,3
"lei_42","article","inovacao",17,11,7.999,65,1
"lei_42","article","tecnologia",17,10,7.211,13,1
"lei_42","article","empresas",16,9,6.563,45,3
"lei_42","article","desenvolvimento",14,13,9.163,23,1
"lei_42","article","direta",12,7,5.31,24,1
"lei_42","article","indireta",12,7,5.31,24,1
"lei_42","article","tecnologica",10,8,5.646,24,2
"lei_42","article","projeto",9,4,2.636,0,1
"lei_42","article","atividades",8,10,7.107,21,1
"lei_42","article","recursos",8,4,2.705,0,1
"lei_42","article","transferencia",8,9,6.334,22,1
"lei_42","article","conselho",7,1,0.676,0,2
"lei_42","article","curitiba",7,4,2.861,22,2
"lei_42","article","estimulo",7,4,2.639,0,1
"lei_42","article","financiamento",7,2,1.519,0,3
"lei_42","article","meio",7,2,1.519,0,3
"lei_42","article","processos",7,4,2.822,18,1
"lei_42","article","tecnologicos",7,8,5.492,26,1
"lei_42","article","ambientes",6,5,3.426,12,2
"lei_42","article","apoio",6,5,3.555,3,1
"lei_42","article","ecossistema",6,4,3.084,4,2
"lei_42","article","empreendedorismo",6,4,3.084,4,2
"lei_42","article","empresa",6,3,2.081,5,1
"lei_42","article","produtos",6,2,1.438,2,1
"lei_43","article","desenvolvimento",5,7,5.662,6,2
"lei_43","article","curitiba",4,2,1.616,12,1
"lei_43","article","ocio",4,7,5.7,41,2
"lei_43","article","sandbox",4,6,4.95,26,2
"lei_43","article","ambiente",3,4,3.449,13,3
"lei_43","article","atividade",3,6,5.09,5,2
"lei_43","article","deve",3,6,5.09,7,2
"lei_43","article","experimental",3,4,3.449,13,3
"lei_43","article","funcionamento",3,8,6.582,56,1
"lei_43","article","inovador",3,13,10.672,143,1
"lei_43","article","modelo",3,6,5.09,7,2
"lei_43","article","regulamentada",3,6,5.09,5,2
"lei_43","article","acesso",2,9,7.497,4,2
"lei_43","article","ainda",2,7,6.082,4,2
"lei_43","article","ambito",2,6,5.633,25,1
"lei_43","article","bens",2,4,3.449,39,3
"lei_43","article","clientes",2,7,6.082,4,2
"lei_43","article","constitui",2,6,5.633,25,1
"lei_43","article","custos",2,6,5.633,25,1
"lei_43","article","empreendedorismo",2,6,5.633,25,1
"lei_43","article","empresas",2,6,5.633,25,1
"lei_43","article","financiamento",2,4,3.449,39,3
"lei_43","article","gerais",2,3,2.449,20,3
"lei_43","article","geral",2,1,0.816,0,1
"lei_44","article","inovacao",28,12,6.856,91,2
"lei_44","article","municpio",19,3,1.713,0,2
"lei_44","article","tecnologia",16,9,5.453,6,2
"lei_44","article","projeto",14,4,2.253,19,3
"lei_44","article","desenvolvimento",13,12,7.517,53,2
"lei_44","article","fomenta",13,4,2.129,44,3
"lei_44","article","criativa",12,13,8.021,48,2
"lei_44","article","recursos",12,4,2.492,6,3
"lei_44","article","financiamento",11,3,1.773,1,3
"lei_44","article","finova",11,4,2.208,10,3
"lei_44","article","fundo",11,4,2.152,7,3
"lei_44","article","atividades",10,3,1.741,0,2
"lei_44","article","economia",10,9,5.654,6,2
"lei_44","article","empreendedorismo",9,5,3.161,0,2
"lei_44","article","visando",9,10,5.895,28,2
"lei_44","article","aplicao",8,4,2.403,22,3
"lei_44","article","direta",8,9,4.935,3,2
"lei_44","article","econmico",8,2,1.561,0,2
"lei_44","article","empresas",8,5,2.92,0,2
"lei_44","article","interesse",8,1,0.51,0,2
"lei_44","article","pblicos",8,6,3.382,0,2
"lei_44","article","social",8,7,4.38,2,2
"lei_44","article","ciencia",7,4,2.159,0,2
"lei_44","article","cminova",7,2,1.238,23,1
"lei_44","article","conselho",7,1,0.714,0,1
"lei_45","article","sandbox",14,7,4.193,24,3
"lei_45","article","deis",13,6,3.835,40,2
"lei_45","article","subran",13,6,3.835,40,2
"lei_45","article","desenvolvimento",9,11,7.507,49,3
"lei_45","article","projeto",9,3,1.859,4,1
"lei_45","article","propostas",9,3,1.79,0,2
"lei_45","article","alise",7,3,1.813,0,2
"lei_45","article","atividade",7,11,7.296,19,3
"lei_45","article","limites",6,13,8.318,70,3
"lei_45","article","participante",6,7,4.237,4,3
"lei_45","article","processo",6,3,1.77,1,1
"lei_45","article","acesso",5,6,3.891,10,3
"lei_45","article","ambito",5,2,1.396,0,3
"lei_45","article","atividades",5,4,2.34,7,3
"lei_45","article","economico",5,4,2.693,2,3
"lei_45","article","inovacao",5,5,3.241,0,3
"lei_45","article","salvaguardas",5,11,7.534,20,3
"lei_45","article","serem",5,5,3.195,30,1
"lei_45","article","concedida",4,6,3.879,9,3
"lei_45","article","encerramento",4,3,2.133,0,3
"lei_45","article","meio",4,3,1.95,3,1
"lei_45","article","proposta",4,6,3.963,10,3
"lei_45","article","requisitos",4,6,4.127,3,3
"lei_45","article","riscos",4,6,3.71,4,3
"lei_46","article","creative",6,11,7.003,56,1
"lei_46","article","programa",6,11,7.003,56,1
"lei_46","article","empresas",5,12,6.982,80,2
"lei_46","article","alegre",3,7,5.449,0,1
"lei_46","article","alta",3,11,8.047,58,1
"lei_46","article","cento",3,4,2.816,5,2
"lei_46","article","desenvolvimento",3,9,6.299,37,1
"lei_46","article","inovacao",3,5,3.591,8,1
"lei_46","article","iquota",3,4,2.816,20,2
"lei_46","article","porto",3,7,5.449,0,1
"lei_46","article","tecnologia",3,11,8.047,58,1
"lei_46","article","decorrente",2,5,2.971,8,2
"lei_46","article","dois",2,4,2.765,0,2
"lei_46","article","egicos",2,9,7.237,0,1
"lei_46","article","enquadramento",2,2,1.132,0,2
"lei_46","article","gabinete",2,2,1.449,0,1
"lei_46","article","incentivo",2,9,7.237,0,1
"lei_46","article","meio",2,2,1.155,0,1
"lei_46","article","novos",2,2,1.155,0,1
"lei_46","article","processo",2,1,0.816,0,2
"lei_46","article","servicos",2,3,1.787,0,1
"lei_46","article","setores",2,9,7.237,0,1
"lei_47","article","sandbox",16,9,5.816,13,4
"lei_47","article","alegre",15,12,7.255,0,4
"lei_47","article","porto",15,12,7.255,0,4
"lei_47","article","programa",14,12,7.407,34,4
"lei_47","article","ambiente",7,8,4.476,60,5
"lei_47","article","interesse",6,5,2.349,37,5
"lei_47","article","acompanhamento",5,2,1.222,1,2
"lei_47","article","experimental",5,1,0.507,0,4
"lei_47","article","inovacao",5,10,5.204,40,4
"lei_47","article","alise",4,1,0.577,0,3
"lei_47","article","ambito",4,9,4.97,11,4
"lei_47","article","ciclo",4,1,0.577,0,1
"lei_47","article","processos",4,8,4.838,1,4
"lei_47","article","servicos",4,9,5.915,6,4
"lei_47","article","ambientes",3,1,0.471,0,5
"lei_47","article","apresentar",3,1,0.471,0,5
"lei_47","article","desenvolvimento",3,9,5.228,4,4
"lei_47","article","economica",3,4,1.935,0,4
"lei_47","article","negocios",3,8,4.711,0,4
"lei_47","article","normas",3,4,2.309,25,5
"lei_47","article","produtos",3,8,4.939,8,4
"lei_47","article","projeto",3,2,1.291,5,2
"lei_47","article","proposta",3,2,1.138,0,5
"lei_47","article","propostas",3,1,0.577,0,3
"lei_47","article","resultados",3,1,0.577,0,1
"lei_48","article","inovacao",53,19,9.662,140,5
"lei_48","article","desenvolvimento",34,13,7.266,53,2
"lei_48","article","tecnologia",30,9,5.123,12,2
"lei_48","article","sustentabilidade",29,6,3.633,24,2
"lei_48","article","projeto",27,6,3.011,8,4
"lei_48","article","florian",25,10,5.334,47,1
"lei_48","article","opolis",25,10,5.334,47,1
"lei_48","article","fundo",24,4,2.171,19,4
"lei_48","article","recursos",24,4,2.131,0,4
"lei_48","article","economico",21,5,3.305,0,2
"lei_48","article","plano",17,1,0.585,0,2
"lei_48","article","conselho",16,5,2.507,1,5
"lei_48","article","instituicao",16,8,3.726,21,5
"lei_48","article","incentivo",15,2,1.434,0,3
"lei_48","article","servicos",15,2,0.917,0,5
"lei_48","article","programa",14,2,1.379,0,3
"lei_48","article","sistema",14,4,1.975,0,5
"lei_48","article","atividades",13,4,1.739,0,1
"lei_48","article","empresas",13,8,3.881,15,5
"lei_48","article","financiamento",13,2,1.121,0,4
"lei_48","article","secretaria",13,5,2.984,0,2
"lei_48","article","interesse",11,2,0.965,0,1
"lei_48","article","outros",11,2,0.992,0,5
"lei_48","article","prefeitura",11,2,1.265,0,1
"lei_48","article","visando",11,1,0.569,0,2
"lei_48","article","arranjos",10,4,2.113,2,5
"lei_49","article","inovacao",48,11,6.459,109,2
"lei_49","article","tecnologia",42,11,6.464,32,2
"lei_49","article","desenvolvimento",29,12,6.903,55,2
"lei_49","article","aracaju",28,8,4.475,1,2
"lei_49","article","financiamento",25,4,2.222,79,1
"lei_49","article","empresas",23,9,5.066,30,2
"lei_49","article","projeto",20,1,0.562,0,1
"lei_49","article","cmcti",19,2,1.058,0,2
"lei_49","article","ciencia",18,9,5.773,16,2
"lei_49","article","fmcti",18,3,1.772,24,1
"lei_49","article","meio",18,5,2.566,0,2
"lei_49","article","servicos",18,9,4.745,21,2
"lei_49","article","instituicao",17,7,3.894,3,2
"lei_49","article","tecnologica",17,11,6.341,26,2
"lei_49","article","plano",15,1,0.467,0,2
"lei_49","article","atividades",14,2,1.004,5,1
"lei_49","article","criativa",14,6,3.327,14,2
"lei_49","article","empreendedorismo",14,8,4.388,0,2
"lei_49","article","recursos",14,3,1.785,6,1
"lei_49","article","serem",13,1,0.472,0,2
"lei_49","article","ensino",12,7,4.134,24,2
"lei_49","article","entidades",12,2,1.143,0,2
"lei_49","article","fundo",12,1,0.612,0,1
"lei_49","article","incentivos",12,1,0.482,0,2
"lei_49","article","base",11,3,1.799,0,2
"lei_49","article","chisci",11,3,1.502,24,2
"lei_50","article","ambientes",6,9,8.029,0,2
"lei_50","article","inovacao",6,10,8.609,11,2
"lei_50","article","paulo",6,3,2.72,1,2
"lei_50","article","programa",6,8,7.213,0,2
"lei_50","article","sampa",6,8,7.213,0,2
"lei_50","article","sandbox",6,8,7.213,0,2
"lei_50","article","tecnologia",6,9,7.792,11,2
"lei_50","article","comite",5,1,1,0,1
"lei_50","article","experimentais",5,12,10.844,52,2
"lei_50","article","gestor",5,1,1,0,1
"lei_50","article","bancos",4,13,11.391,27,4
"lei_50","article","ciencia",4,13,11.391,27,4
"lei_50","article","instituicao",4,7,6.02,18,4
"lei_50","article","projeto",4,2,1.76,16,3
"lei_50","article","tecnologica",4,7,6.493,9,4
"lei_50","article","testes",4,7,6.493,9,4
"lei_50","article","ambito",3,7,6.33,0,4
"lei_50","article","empreendedorismo",3,7,6.33,0,4
"lei_50","article","modelo",3,7,6.33,0,4
"lei_50","article","urbana",3,1,0.866,0,3
"lei_51","article","desenvolvimento",31,6,3.516,4,2
"lei_51","article","inovacao",26,5,2.972,0,2
"lei_51","article","projeto",26,18,10.378,104,2
"lei_51","article","tecnologia",23,1,0.528,0,1
"lei_51","article","concedente",20,10,5.923,12,2
"lei_51","article","objeto",19,12,6.897,26,2
"lei_51","article","execucao",18,11,6.734,8,2
"lei_51","article","recursos",15,8,4.541,17,2
"lei_51","article","entidade",14,7,3.699,22,2
"lei_51","article","financiamento",14,5,2.918,23,2
"lei_51","article","hipotese",14,5,2.654,2,2
"lei_51","article","entidades",13,1,0.54,0,2
"lei_51","article","instituicao",12,1,0.51,0,2
"lei_51","article","meio",12,2,1.106,0,2
"lei_51","article","resultados",12,3,1.696,0,2
"lei_51","article","cumprimento",11,9,5.593,6,2
"lei_51","article","desde",11,3,1.684,0,2
"lei_51","article","trabalho",11,8,5.391,4,2
"lei_51","article","convenio",10,3,1.641,0,2
"lei_51","article","despesas",10,3,1.595,0,2
"lei_51","article","eletr",10,2,1.133,0,2
"lei_51","article","encomenda",10,1,0.528,0,1
"lei_51","article","metas",10,8,4.698,5,2
"lei_51","article","plano",10,7,4.974,0,2
"lei_51","article","processo",10,1,0.507,0,2
"lei_52","article","desenvolvimento",13,7,4.947,8,2
"lei_52","article","economico",13,7,4.947,8,2
"lei_52","article","financiamento",7,11,7.335,21,2
"lei_52","article","inovacao",7,8,5.356,18,2
"lei_52","article","membros",7,4,2.843,5,1
"lei_52","article","conselho",6,1,0.612,0,3
"lei_52","article","palmas",6,4,2.587,0,2
"lei_52","article","programas",6,12,8.323,34,2
"lei_52","article","projeto",6,10,6.727,20,2
"lei_52","article","reuni",5,2,1.347,0,1
"lei_52","article","areas",4,8,5.171,1,2
"lei_52","article","caso",4,1,0.612,0,3
"lei_52","article","dois",4,3,2.083,2,1
"lei_52","article","empresas",4,7,4.457,1,2
"lei_52","article","execucao",4,9,5.647,5,2
"lei_52","article","fundo",4,2,1.427,0,2
"lei_52","article","incentivos",4,8,5.024,9,2
"lei_52","article","presidente",4,4,2.754,3,1
"lei_52","article","recursos",4,5,2.992,0,2
"lei_52","article","sociedade",4,1,0.655,0,1
"lei_52","article","administrativa",3,2,1.284,0,2
"lei_52","article","bens",3,6,3.683,0,2
"lei_52","article","cento",3,8,5.256,0,2
"lei_52","article","cess",3,8,4.956,0,2
"lei_52","article","chefe",3,2,1.155,0,1
